Order Date,Customer ID,Region,Product,Revenue,Units Sold
2025-01-01,C231,EMEA,Product C,3233.43,6
2025-01-01,C364,APAC,Product A,1077.18,8
2025-01-01,C371,APAC,Product B,2043.3,6
2025-01-01,C176,Americas,Product C,1349.77,11
2025-01-01,C313,Americas,Product B,2072.44,11
2025-01-01,C67,APAC,Product B,4354.06,2
2025-01-01,C35,APAC,Product B,1880.61,2
2025-01-01,C97,Americas,Product C,3400.58,6
2025-01-01,C226,EMEA,Product A,3140.57,6
2025-01-01,C252,EMEA,Product A,3008.69,8
2025-01-01,C196,EMEA,Product A,418.78,8
2025-01-01,C223,Americas,Product A,708.61,14
2025-01-02,C310,Americas,Product B,3560.58,8
2025-01-02,C351,APAC,Product B,1064.06,11
2025-01-02,C353,Americas,Product B,2831.06,3
2025-01-02,C236,APAC,Product A,1323.46,5
2025-01-02,C168,APAC,Product C,4498.97,1
2025-01-02,C258,EMEA,Product B,435.56,3
2025-01-02,C151,EMEA,Product C,3768.79,14
2025-01-02,C56,EMEA,Product C,3273.82,3
2025-01-02,C333,APAC,Product B,2361.67,5
2025-01-02,C297,APAC,Product B,4128.96,10
2025-01-02,C379,Americas,Product C,404.1,4
2025-01-02,C116,Americas,Product B,1555.92,12
2025-01-02,C200,EMEA,Product B,3268.31,9
2025-01-02,C299,EMEA,Product A,1055.73,10
2025-01-02,C22,APAC,Product C,3585.88,11
2025-01-02,C19,EMEA,Product C,2600.06,11
2025-01-03,C71,EMEA,Product A,2110.68,12
2025-01-03,C162,EMEA,Product A,1412.96,7
2025-01-03,C159,EMEA,Product A,1461.84,3
2025-01-03,C332,EMEA,Product B,3225.5,1
2025-01-03,C155,APAC,Product C,1272.08,1
2025-01-03,C344,Americas,Product C,3209.51,3
2025-01-03,C43,APAC,Product C,3447.03,14
2025-01-03,C316,Americas,Product C,3081.87,12
2025-01-03,C280,APAC,Product B,2340.18,7
2025-01-03,C280,Americas,Product B,2683.23,11
2025-01-03,C147,EMEA,Product C,590.04,14
2025-01-03,C181,APAC,Product A,2142.2,10
2025-01-03,C54,EMEA,Product B,1920.42,14
2025-01-03,C96,Americas,Product A,2579.81,8
2025-01-04,C314,Americas,Product B,3872.09,6
2025-01-04,C309,APAC,Product B,753.59,9
2025-01-04,C104,APAC,Product B,3869.18,1
2025-01-04,C139,Americas,Product C,1023.83,3
2025-01-04,C187,APAC,Product B,3960.89,14
2025-01-04,C86,Americas,Product B,1201.79,10
2025-01-04,C28,Americas,Product A,2180.23,11
2025-01-04,C394,Americas,Product B,3987.68,8
2025-01-04,C201,APAC,Product C,3925.73,12
2025-01-04,C202,EMEA,Product B,3268.5,11
2025-01-04,C216,APAC,Product B,3620.74,2
2025-01-04,C176,Americas,Product C,3404.09,2
2025-01-04,C15,APAC,Product B,3011.05,9
2025-01-04,C354,APAC,Product A,2516.53,4
2025-01-04,C174,Americas,Product B,3252.08,7
2025-01-04,C349,EMEA,Product A,1467.4,13
2025-01-04,C238,EMEA,Product C,4427.69,3
2025-01-04,C242,EMEA,Product A,3665.26,2
2025-01-04,C250,EMEA,Product C,3041.37,7
2025-01-04,C40,Americas,Product A,2387.22,2
2025-01-04,C292,EMEA,Product B,3866.83,12
2025-01-05,C159,EMEA,Product A,1773.34,5
2025-01-05,C261,APAC,Product B,3257.8,10
2025-01-05,C165,APAC,Product A,1257.91,11
2025-01-05,C17,Americas,Product B,4049.81,4
2025-01-05,C61,APAC,Product C,469.51,13
2025-01-05,C400,Americas,Product B,3655.51,2
2025-01-05,C29,APAC,Product C,1812.04,14
2025-01-05,C34,Americas,Product A,2675.71,14
2025-01-05,C189,EMEA,Product A,601.79,4
2025-01-05,C37,Americas,Product A,1218.43,6
2025-01-05,C37,Americas,Product A,4139.94,5
2025-01-05,C348,Americas,Product B,2087.24,11
2025-01-05,C309,EMEA,Product B,3817.48,13
2025-01-05,C315,APAC,Product A,2087.29,7
2025-01-05,C296,APAC,Product C,2649.01,8
2025-01-06,C212,APAC,Product B,3641.2,13
2025-01-06,C15,Americas,Product B,1084.36,11
2025-01-06,C164,EMEA,Product C,2975.22,7
2025-01-06,C163,Americas,Product C,4495.61,13
2025-01-06,C62,EMEA,Product C,4417.01,6
2025-01-06,C118,APAC,Product B,2000.31,7
2025-01-06,C309,EMEA,Product A,2922.49,3
2025-01-06,C75,APAC,Product A,3765.13,2
2025-01-06,C305,EMEA,Product A,3608.55,5
2025-01-06,C309,EMEA,Product C,529.64,13
2025-01-06,C158,APAC,Product B,3191.71,2
2025-01-06,C270,APAC,Product B,2858.43,3
2025-01-06,C268,APAC,Product C,3201.67,8
2025-01-06,C336,APAC,Product A,3971.5,4
2025-01-07,C13,EMEA,Product A,4023.04,12
2025-01-07,C390,APAC,Product C,1694.0,7
2025-01-07,C285,Americas,Product B,2153.68,13
2025-01-07,C35,APAC,Product A,1229.72,1
2025-01-07,C215,EMEA,Product C,1925.07,1
2025-01-07,C177,Americas,Product A,2074.11,3
2025-01-07,C241,EMEA,Product C,1624.47,11
2025-01-07,C168,APAC,Product C,3828.57,13
2025-01-07,C43,Americas,Product B,4314.51,4
2025-01-07,C53,EMEA,Product C,2477.91,4
2025-01-07,C312,EMEA,Product C,3411.33,12
2025-01-07,C59,Americas,Product C,4024.04,2
2025-01-07,C339,Americas,Product C,1580.14,2
2025-01-07,C237,APAC,Product A,1872.45,6
2025-01-07,C64,EMEA,Product C,2093.25,3
2025-01-07,C4,EMEA,Product C,4472.35,5
2025-01-07,C357,EMEA,Product A,2741.77,2
2025-01-08,C98,Americas,Product B,1290.51,8
2025-01-08,C83,APAC,Product C,1496.61,12
2025-01-08,C200,EMEA,Product B,1480.24,9
2025-01-08,C302,APAC,Product B,3575.78,4
2025-01-08,C384,EMEA,Product A,1762.16,5
2025-01-08,C223,APAC,Product A,4105.49,12
2025-01-08,C226,Americas,Product A,3060.92,14
2025-01-08,C326,APAC,Product B,3028.64,3
2025-01-08,C344,Americas,Product C,698.24,2
2025-01-08,C338,APAC,Product A,1421.87,1
2025-01-08,C334,APAC,Product C,4420.95,10
2025-01-09,C6,APAC,Product A,2755.91,12
2025-01-09,C93,EMEA,Product A,630.59,6
2025-01-09,C320,APAC,Product A,767.82,3
2025-01-09,C323,Americas,Product C,1206.22,1
2025-01-09,C69,Americas,Product B,2855.62,6
2025-01-09,C64,EMEA,Product B,3391.39,14
2025-01-09,C181,APAC,Product A,3982.39,8
2025-01-09,C52,EMEA,Product B,1453.88,3
2025-01-09,C352,Americas,Product B,1033.01,6
2025-01-09,C353,Americas,Product C,2461.49,9
2025-01-09,C369,Americas,Product C,3394.7,1
2025-01-09,C37,Americas,Product B,2588.55,8
2025-01-09,C397,Americas,Product A,1300.36,14
2025-01-09,C304,APAC,Product B,2490.51,9
2025-01-09,C339,APAC,Product C,3537.02,14
2025-01-09,C84,EMEA,Product A,4170.59,12
2025-01-09,C140,APAC,Product C,1094.52,2
2025-01-09,C276,EMEA,Product C,2740.31,5
2025-01-09,C258,EMEA,Product C,1488.47,6
2025-01-09,C248,Americas,Product C,1857.24,8
2025-01-10,C230,EMEA,Product C,2633.33,4
2025-01-10,C60,Americas,Product C,3035.76,12
2025-01-10,C132,Americas,Product C,4367.38,8
2025-01-10,C344,Americas,Product C,1253.89,6
2025-01-10,C340,APAC,Product A,4378.49,4
2025-01-10,C167,EMEA,Product B,1016.13,6
2025-01-10,C19,EMEA,Product B,742.67,7
2025-01-10,C34,EMEA,Product A,856.0,11
2025-01-10,C33,Americas,Product B,3394.96,1
2025-01-10,C30,EMEA,Product C,3704.63,14
2025-01-10,C24,APAC,Product C,4224.74,1
2025-01-10,C399,Americas,Product C,2680.76,2
2025-01-10,C277,EMEA,Product C,1122.89,3
2025-01-10,C318,Americas,Product C,3027.52,9
2025-01-10,C221,EMEA,Product A,2612.09,1
2025-01-10,C316,Americas,Product A,869.24,10
2025-01-10,C122,APAC,Product A,2271.13,6
2025-01-10,C181,APAC,Product A,3828.17,12
2025-01-10,C99,APAC,Product A,3947.59,11
2025-01-11,C178,EMEA,Product A,2160.17,6
2025-01-11,C381,EMEA,Product C,1647.54,4
2025-01-11,C379,Americas,Product C,2016.28,7
2025-01-11,C220,APAC,Product C,3778.13,5
2025-01-11,C115,Americas,Product B,3621.86,4
2025-01-11,C31,EMEA,Product A,1798.33,12
2025-01-11,C10,Americas,Product A,4375.08,4
2025-01-11,C298,APAC,Product C,2431.05,2
2025-01-11,C291,Americas,Product B,2139.38,10
2025-01-11,C386,APAC,Product B,2073.84,7
2025-01-11,C228,APAC,Product A,2837.78,8
2025-01-11,C189,EMEA,Product A,3513.82,9
2025-01-11,C25,EMEA,Product B,2495.55,1
2025-01-11,C315,Americas,Product A,3232.59,7
2025-01-11,C230,EMEA,Product C,1463.51,1
2025-01-11,C69,APAC,Product B,3060.35,4
2025-01-11,C91,Americas,Product A,1638.99,4
2025-01-11,C86,Americas,Product B,922.57,2
2025-01-11,C388,Americas,Product C,2471.57,9
2025-01-11,C13,EMEA,Product B,1198.67,6
2025-01-12,C118,Americas,Product B,3164.22,7
2025-01-12,C23,EMEA,Product C,2147.96,3
2025-01-12,C398,APAC,Product C,4263.22,2
2025-01-12,C300,APAC,Product C,4021.54,2
2025-01-12,C33,Americas,Product B,973.67,11
2025-01-12,C359,Americas,Product C,4488.65,8
2025-01-12,C216,APAC,Product B,3177.63,6
2025-01-12,C43,Americas,Product C,2189.82,3
2025-01-12,C347,APAC,Product C,4358.33,4
2025-01-12,C100,EMEA,Product C,3830.4,13
2025-01-12,C341,APAC,Product B,4030.18,1
2025-01-12,C308,Americas,Product B,1037.58,8
2025-01-12,C235,APAC,Product A,587.52,11
2025-01-12,C142,APAC,Product C,629.36,12
2025-01-12,C289,APAC,Product C,1767.18,11
2025-01-12,C262,EMEA,Product B,1484.49,4
2025-01-12,C375,Americas,Product C,810.52,13
2025-01-12,C132,Americas,Product C,760.01,7
2025-01-12,C1,APAC,Product B,2892.5,11
2025-01-12,C14,Americas,Product A,2410.28,2
2025-01-13,C341,APAC,Product B,1072.11,2
2025-01-13,C321,APAC,Product A,1582.11,2
2025-01-13,C154,Americas,Product C,1028.59,4
2025-01-13,C27,Americas,Product C,2556.37,7
2025-01-13,C170,EMEA,Product B,2795.22,8
2025-01-13,C113,APAC,Product C,1579.34,1
2025-01-13,C13,EMEA,Product B,1663.68,12
2025-01-13,C3,APAC,Product C,1515.29,3
2025-01-13,C373,EMEA,Product A,935.0,4
2025-01-13,C310,Americas,Product B,1205.46,3
2025-01-13,C39,EMEA,Product B,1006.0,14
2025-01-13,C149,Americas,Product A,4391.44,12
2025-01-13,C354,Americas,Product A,2588.32,6
2025-01-14,C193,EMEA,Product C,2391.32,7
2025-01-14,C87,APAC,Product C,879.99,4
2025-01-14,C231,APAC,Product C,3407.97,8
2025-01-14,C195,Americas,Product B,1891.12,14
2025-01-14,C302,APAC,Product B,4470.76,10
2025-01-14,C16,Americas,Product C,3099.46,6
2025-01-14,C154,APAC,Product C,2157.53,1
2025-01-14,C229,EMEA,Product A,729.04,10
2025-01-14,C67,Americas,Product B,2830.31,12
2025-01-15,C300,APAC,Product C,2699.53,2
2025-01-15,C200,EMEA,Product A,888.63,7
2025-01-15,C194,EMEA,Product B,992.19,2
2025-01-15,C395,EMEA,Product C,3802.25,13
2025-01-15,C189,EMEA,Product C,1613.61,12
2025-01-15,C15,Americas,Product B,2583.61,9
2025-01-15,C348,Americas,Product B,1909.71,1
2025-01-15,C173,Americas,Product A,3802.14,7
2025-01-15,C188,EMEA,Product A,1228.39,14
2025-01-15,C324,EMEA,Product C,4446.19,5
2025-01-15,C135,APAC,Product C,1516.88,12
2025-01-15,C317,EMEA,Product C,3225.87,8
2025-01-16,C33,Americas,Product C,927.92,4
2025-01-16,C12,EMEA,Product A,3965.79,7
2025-01-16,C375,Americas,Product C,3681.02,6
2025-01-16,C145,APAC,Product C,3691.3,5
2025-01-16,C219,EMEA,Product B,957.88,2
2025-01-16,C395,Americas,Product C,3137.64,2
2025-01-16,C254,APAC,Product C,2369.93,12
2025-01-16,C256,Americas,Product B,896.13,5
2025-01-16,C165,APAC,Product C,3393.19,6
2025-01-16,C20,Americas,Product A,4258.71,8
2025-01-16,C276,EMEA,Product A,2799.91,2
2025-01-16,C189,EMEA,Product A,1113.87,4
2025-01-16,C197,Americas,Product B,3585.85,10
2025-01-16,C60,Americas,Product C,1344.45,6
2025-01-17,C273,Americas,Product C,3190.49,2
2025-01-17,C335,APAC,Product C,446.2,6
2025-01-17,C5,APAC,Product C,2175.75,9
2025-01-17,C129,Americas,Product B,3222.49,9
2025-01-17,C48,Americas,Product B,433.99,1
2025-01-17,C293,APAC,Product B,3941.2,11
2025-01-17,C249,Americas,Product C,2770.15,11
2025-01-17,C250,EMEA,Product B,3712.75,14
2025-01-17,C108,EMEA,Product A,883.02,8
2025-01-17,C124,Americas,Product C,4282.5,3
2025-01-17,C284,EMEA,Product C,4312.33,12
2025-01-17,C366,Americas,Product A,3950.34,11
2025-01-17,C394,Americas,Product B,2202.17,13
2025-01-17,C263,Americas,Product B,1093.61,8
2025-01-17,C356,EMEA,Product C,2443.41,5
2025-01-17,C280,APAC,Product A,2485.62,12
2025-01-17,C272,EMEA,Product C,2267.14,5
2025-01-17,C107,APAC,Product C,3674.27,8
2025-01-17,C314,Americas,Product A,3693.53,14
2025-01-17,C287,APAC,Product B,719.1,4
2025-01-17,C57,APAC,Product A,1505.1,9
2025-01-17,C17,Americas,Product B,2978.09,5
2025-01-17,C184,APAC,Product C,3236.61,2
2025-01-17,C183,APAC,Product A,2931.94,9
2025-01-17,C17,Americas,Product C,899.19,10
2025-01-18,C311,Americas,Product B,2520.42,9
2025-01-18,C353,Americas,Product C,1361.11,12
2025-01-18,C106,Americas,Product C,3507.6,6
2025-01-18,C283,Americas,Product C,2960.74,8
2025-01-18,C365,EMEA,Product A,3022.32,4
2025-01-18,C398,Americas,Product C,3790.66,2
2025-01-18,C337,APAC,Product B,3049.31,9
2025-01-18,C206,EMEA,Product C,1558.68,5
2025-01-18,C12,EMEA,Product A,3931.25,7
2025-01-19,C262,EMEA,Product B,3415.5,7
2025-01-19,C266,APAC,Product B,3959.8,7
2025-01-19,C116,APAC,Product C,2660.46,1
2025-01-19,C374,APAC,Product A,953.31,2
2025-01-19,C300,APAC,Product C,1938.05,12
2025-01-19,C270,APAC,Product C,3017.65,5
2025-01-19,C60,Americas,Product A,3598.06,10
2025-01-19,C181,APAC,Product A,3996.25,5
2025-01-19,C359,APAC,Product C,1764.44,8
2025-01-19,C215,Americas,Product C,4411.83,1
2025-01-19,C275,Americas,Product B,3495.97,5
2025-01-19,C210,APAC,Product B,971.9,13
2025-01-19,C284,APAC,Product A,415.56,9
2025-01-19,C188,EMEA,Product C,3222.8,7
2025-01-19,C218,EMEA,Product A,511.41,10
2025-01-19,C33,Americas,Product B,3233.66,11
2025-01-19,C230,EMEA,Product C,3246.37,10
2025-01-19,C161,Americas,Product C,3274.85,11
2025-01-19,C267,Americas,Product A,3254.48,2
2025-01-19,C204,APAC,Product B,2968.96,3
2025-01-20,C205,Americas,Product C,3144.9,13
2025-01-20,C297,APAC,Product A,3335.56,4
2025-01-20,C106,Americas,Product C,1859.56,13
2025-01-20,C313,Americas,Product B,1502.56,3
2025-01-20,C332,EMEA,Product B,1772.72,14
2025-01-20,C203,APAC,Product A,2384.28,2
2025-01-20,C339,Americas,Product C,4378.74,1
2025-01-20,C165,APAC,Product B,1151.18,3
2025-01-20,C64,EMEA,Product B,1598.7,10
2025-01-20,C107,APAC,Product C,4391.98,14
2025-01-20,C45,APAC,Product C,4051.39,3
2025-01-20,C179,Americas,Product C,2480.24,7
2025-01-20,C241,EMEA,Product A,3665.96,14
2025-01-20,C246,EMEA,Product B,3573.62,4
2025-01-20,C253,EMEA,Product A,1588.79,4
2025-01-20,C365,EMEA,Product A,982.23,13
2025-01-20,C119,EMEA,Product A,4462.67,12
2025-01-20,C392,APAC,Product A,3978.63,5
2025-01-20,C113,APAC,Product C,3013.33,1
2025-01-20,C116,APAC,Product B,3315.31,5
2025-01-21,C181,Americas,Product A,3001.61,2
2025-01-21,C399,Americas,Product C,2823.88,11
2025-01-21,C38,Americas,Product C,675.02,11
2025-01-21,C313,APAC,Product B,2782.71,8
2025-01-21,C6,EMEA,Product A,2787.97,13
2025-01-21,C79,Americas,Product C,4484.67,5
2025-01-21,C78,APAC,Product C,2994.49,14
2025-01-21,C318,Americas,Product A,3562.12,1
2025-01-21,C7,APAC,Product C,4173.81,12
2025-01-21,C96,Americas,Product C,2730.07,1
2025-01-21,C45,APAC,Product C,3623.81,11
2025-01-21,C188,APAC,Product C,718.13,9
2025-01-21,C142,APAC,Product C,3960.68,14
2025-01-21,C63,APAC,Product A,1111.52,14
2025-01-21,C390,EMEA,Product C,2772.24,12
2025-01-21,C397,Americas,Product A,1893.39,7
2025-01-21,C122,APAC,Product A,3437.77,14
2025-01-21,C29,APAC,Product B,2999.36,10
2025-01-21,C50,APAC,Product A,1878.03,10
2025-01-21,C1,APAC,Product B,1471.14,1
2025-01-21,C29,APAC,Product B,2274.56,12
2025-01-21,C291,Americas,Product C,3672.98,12
2025-01-21,C136,Americas,Product B,707.39,5
2025-01-21,C345,APAC,Product A,3731.22,12
2025-01-22,C63,APAC,Product C,1587.96,7
2025-01-22,C180,APAC,Product B,1781.14,12
2025-01-22,C327,APAC,Product B,2641.77,12
2025-01-22,C367,Americas,Product A,2393.15,7
2025-01-22,C338,Americas,Product B,3788.2,3
2025-01-22,C174,APAC,Product B,570.76,6
2025-01-22,C188,EMEA,Product C,2696.75,5
2025-01-22,C9,APAC,Product A,2386.44,12
2025-01-22,C273,Americas,Product B,2241.89,8
2025-01-22,C395,Americas,Product C,1121.78,2
2025-01-22,C242,EMEA,Product A,1470.22,3
2025-01-22,C204,APAC,Product C,3101.61,12
2025-01-22,C134,Americas,Product C,3680.47,3
2025-01-22,C261,APAC,Product A,3568.04,4
2025-01-22,C217,EMEA,Product B,3912.18,7
2025-01-22,C138,Americas,Product A,3531.12,3
2025-01-23,C38,Americas,Product C,2762.95,13
2025-01-23,C338,Americas,Product A,2455.21,11
2025-01-23,C13,EMEA,Product B,2823.91,2
2025-01-23,C305,EMEA,Product A,3545.76,12
2025-01-23,C29,Americas,Product A,1486.08,4
2025-01-23,C102,EMEA,Product B,1994.61,13
2025-01-23,C63,APAC,Product C,2174.6,5
2025-01-23,C313,Americas,Product B,4230.32,12
2025-01-23,C313,Americas,Product B,1744.33,10
2025-01-23,C309,EMEA,Product A,3774.03,1
2025-01-23,C151,EMEA,Product B,825.18,2
2025-01-23,C134,APAC,Product C,1286.73,10
2025-01-23,C13,EMEA,Product B,2720.07,13
2025-01-23,C212,APAC,Product A,799.04,4
2025-01-23,C81,Americas,Product A,2375.73,5
2025-01-23,C300,APAC,Product C,2051.55,9
2025-01-23,C302,APAC,Product B,3963.8,2
2025-01-23,C272,EMEA,Product C,3315.34,11
2025-01-23,C37,Americas,Product A,681.99,6
2025-01-24,C216,APAC,Product B,665.5,9
2025-01-24,C186,EMEA,Product B,670.83,14
2025-01-24,C342,EMEA,Product C,4484.06,8
2025-01-24,C299,Americas,Product A,495.81,7
2025-01-24,C365,EMEA,Product C,3601.85,9
2025-01-24,C377,Americas,Product A,1849.67,12
2025-01-24,C79,Americas,Product B,661.99,1
2025-01-24,C17,Americas,Product A,3598.57,9
2025-01-24,C77,EMEA,Product B,2086.15,14
2025-01-24,C11,EMEA,Product B,4153.52,7
2025-01-24,C97,EMEA,Product C,466.02,8
2025-01-24,C322,EMEA,Product A,4498.35,10
2025-01-24,C370,APAC,Product B,2217.55,2
2025-01-24,C170,Americas,Product B,1711.18,11
2025-01-24,C393,Americas,Product A,445.83,1
2025-01-24,C95,APAC,Product A,3264.46,3
2025-01-24,C115,Americas,Product C,1129.3,3
2025-01-25,C221,EMEA,Product A,3374.97,14
2025-01-25,C362,EMEA,Product A,3094.86,8
2025-01-25,C362,Americas,Product C,2033.36,7
2025-01-25,C177,APAC,Product C,4078.87,5
2025-01-25,C239,EMEA,Product C,853.67,3
2025-01-25,C397,Americas,Product A,3786.39,5
2025-01-25,C388,Americas,Product A,1454.55,3
2025-01-25,C352,APAC,Product A,603.02,1
2025-01-25,C81,Americas,Product B,3678.38,12
2025-01-25,C195,EMEA,Product C,1519.52,14
2025-01-25,C169,APAC,Product B,3930.7,3
2025-01-25,C189,Americas,Product A,855.81,13
2025-01-25,C384,EMEA,Product A,3265.41,5
2025-01-25,C74,EMEA,Product B,3646.29,14
2025-01-25,C170,Americas,Product B,3482.25,6
2025-01-25,C296,APAC,Product A,2104.99,4
2025-01-25,C20,Americas,Product B,1570.7,13
2025-01-25,C198,APAC,Product A,4222.61,8
2025-01-25,C347,APAC,Product B,3113.96,1
2025-01-25,C188,EMEA,Product C,830.09,3
2025-01-26,C365,APAC,Product C,1061.85,8
2025-01-26,C355,Americas,Product B,550.27,8
2025-01-26,C81,Americas,Product A,1737.97,10
2025-01-26,C169,APAC,Product B,2646.2,2
2025-01-26,C345,Americas,Product A,2590.19,13
2025-01-26,C320,APAC,Product A,1447.5,6
2025-01-26,C372,APAC,Product C,3037.31,4
2025-01-26,C340,Americas,Product A,3470.13,11
2025-01-26,C134,APAC,Product A,2209.79,8
2025-01-26,C200,EMEA,Product B,3959.0,10
2025-01-26,C324,EMEA,Product C,2994.73,7
2025-01-26,C56,EMEA,Product C,2282.0,14
2025-01-26,C147,EMEA,Product C,4423.1,8
2025-01-26,C106,EMEA,Product B,1669.14,7
2025-01-26,C218,Americas,Product A,3803.4,14
2025-01-26,C179,Americas,Product C,2274.03,7
2025-01-26,C400,Americas,Product B,1549.63,5
2025-01-27,C18,APAC,Product B,833.39,3
2025-01-27,C88,APAC,Product A,902.81,11
2025-01-27,C148,APAC,Product B,1319.34,2
2025-01-27,C183,APAC,Product A,2755.08,9
2025-01-27,C26,EMEA,Product B,549.73,5
2025-01-27,C147,APAC,Product C,492.73,2
2025-01-27,C115,Americas,Product B,1470.98,5
2025-01-27,C114,Americas,Product A,2030.34,4
2025-01-27,C272,EMEA,Product C,822.26,7
2025-01-27,C264,APAC,Product C,2918.72,14
2025-01-27,C277,EMEA,Product A,3410.58,13
2025-01-27,C6,APAC,Product A,3197.84,12
2025-01-27,C202,EMEA,Product A,1663.38,8
2025-01-27,C273,APAC,Product B,2096.84,11
2025-01-27,C201,APAC,Product B,4251.2,6
2025-01-28,C271,Americas,Product C,1165.3,12
2025-01-28,C128,Americas,Product A,1409.72,1
2025-01-28,C83,APAC,Product C,3853.73,5
2025-01-28,C127,Americas,Product A,1868.65,5
2025-01-28,C152,EMEA,Product C,1308.42,13
2025-01-28,C165,APAC,Product B,1405.77,10
2025-01-28,C253,EMEA,Product A,2517.11,13
2025-01-28,C176,Americas,Product C,2372.09,5
2025-01-28,C1,EMEA,Product B,2047.94,13
2025-01-28,C132,Americas,Product B,2562.17,6
2025-01-28,C59,APAC,Product B,1164.67,1
2025-01-28,C263,Americas,Product B,668.12,2
2025-01-28,C160,EMEA,Product B,1111.94,12
2025-01-28,C166,Americas,Product A,1073.93,8
2025-01-28,C102,EMEA,Product B,2819.01,13
2025-01-28,C83,EMEA,Product A,2282.98,9
2025-01-29,C120,APAC,Product C,1462.2,9
2025-01-29,C210,APAC,Product B,4141.69,2
2025-01-29,C389,Americas,Product B,4174.33,1
2025-01-29,C28,Americas,Product A,1547.23,8
2025-01-29,C200,EMEA,Product B,1342.81,2
2025-01-29,C397,Americas,Product A,878.86,5
2025-01-29,C374,APAC,Product C,2952.3,2
2025-01-29,C197,Americas,Product B,2524.59,1
2025-01-29,C234,EMEA,Product C,2662.12,14
2025-01-29,C38,Americas,Product C,3049.49,9
2025-01-30,C97,Americas,Product C,530.33,11
2025-01-30,C265,Americas,Product A,2035.34,6
2025-01-30,C84,APAC,Product A,471.65,2
2025-01-30,C63,APAC,Product C,2791.43,6
2025-01-30,C27,Americas,Product C,459.75,9
2025-01-30,C178,EMEA,Product A,3060.04,10
2025-01-30,C21,Americas,Product B,2862.2,5
2025-01-30,C391,EMEA,Product C,4437.09,1
2025-01-30,C144,EMEA,Product B,522.23,13
2025-01-30,C179,Americas,Product C,1517.13,14
2025-01-30,C303,APAC,Product C,1864.42,13
2025-01-30,C37,Americas,Product A,1597.85,9
2025-01-30,C284,APAC,Product A,4082.87,5
2025-01-30,C33,Americas,Product A,1662.31,3
2025-01-30,C382,EMEA,Product A,1033.66,13
2025-01-30,C329,Americas,Product B,3480.86,10
2025-01-31,C117,EMEA,Product C,4426.48,9
2025-01-31,C29,APAC,Product B,2134.0,7
2025-01-31,C19,EMEA,Product B,3080.52,1
2025-01-31,C400,Americas,Product B,1377.09,10
2025-01-31,C366,Americas,Product B,2965.52,1
2025-01-31,C128,Americas,Product B,3493.47,7
2025-01-31,C290,Americas,Product A,2360.14,2
2025-01-31,C247,APAC,Product C,3402.75,10
2025-01-31,C199,APAC,Product B,2822.51,10
2025-01-31,C163,Americas,Product C,3243.2,14
2025-01-31,C49,APAC,Product C,4298.27,6
2025-01-31,C173,Americas,Product B,3727.7,9
2025-01-31,C101,EMEA,Product A,3891.44,3
2025-01-31,C20,Americas,Product A,1083.62,9
2025-01-31,C106,Americas,Product B,2309.51,12
2025-01-31,C202,EMEA,Product C,3367.61,2
2025-01-31,C165,APAC,Product A,444.12,2
2025-01-31,C199,Americas,Product B,725.24,5
2025-01-31,C307,Americas,Product B,3817.29,7
2025-01-31,C23,EMEA,Product B,4448.1,9
2025-02-01,C46,APAC,Product B,401.37,6
2025-02-01,C400,Americas,Product B,1259.87,12
2025-02-01,C221,EMEA,Product A,1364.19,11
2025-02-01,C264,APAC,Product C,2167.01,13
2025-02-01,C306,EMEA,Product C,4292.51,13
2025-02-01,C336,Americas,Product A,1408.92,10
2025-02-01,C384,Americas,Product A,1090.02,4
2025-02-01,C114,Americas,Product B,1255.05,3
2025-02-01,C271,Americas,Product A,4079.36,1
2025-02-01,C158,APAC,Product A,4028.23,8
2025-02-01,C380,APAC,Product A,4277.43,1
2025-02-01,C382,EMEA,Product C,4001.6,9
2025-02-01,C221,EMEA,Product A,2555.36,12
2025-02-01,C192,APAC,Product C,3926.68,14
2025-02-01,C347,APAC,Product B,532.46,1
2025-02-01,C132,Americas,Product A,4414.97,14
2025-02-01,C242,EMEA,Product A,2215.43,4
2025-02-02,C13,EMEA,Product B,575.02,3
2025-02-02,C336,Americas,Product A,4493.9,5
2025-02-02,C352,EMEA,Product B,3312.31,5
2025-02-02,C352,EMEA,Product B,2282.04,13
2025-02-02,C98,Americas,Product B,1251.05,1
2025-02-02,C224,Americas,Product A,1955.37,3
2025-02-02,C26,EMEA,Product A,4035.51,7
2025-02-02,C95,APAC,Product B,1984.45,3
2025-02-02,C373,EMEA,Product A,2401.28,8
2025-02-02,C3,APAC,Product B,2347.36,13
2025-02-02,C137,Americas,Product B,1783.41,2
2025-02-02,C333,APAC,Product C,2032.73,10
2025-02-02,C260,Americas,Product C,1970.43,12
2025-02-02,C357,EMEA,Product A,2168.85,3
2025-02-02,C108,EMEA,Product C,1603.02,12
2025-02-02,C240,Americas,Product A,472.6,1
2025-02-02,C333,APAC,Product B,1875.45,8
2025-02-02,C306,EMEA,Product B,2084.72,8
2025-02-02,C29,APAC,Product B,1826.32,9
2025-02-02,C361,EMEA,Product B,3526.3,8
2025-02-03,C286,APAC,Product B,4220.71,7
2025-02-03,C16,Americas,Product C,1449.06,13
2025-02-03,C73,APAC,Product C,4343.77,12
2025-02-03,C81,Americas,Product A,941.25,3
2025-02-03,C204,APAC,Product B,1461.95,4
2025-02-03,C333,EMEA,Product C,1537.55,11
2025-02-03,C3,APAC,Product B,630.54,1
2025-02-03,C375,Americas,Product B,4449.66,11
2025-02-03,C103,EMEA,Product A,971.27,5
2025-02-03,C279,Americas,Product C,3660.59,7
2025-02-03,C330,APAC,Product A,1129.51,5
2025-02-03,C250,EMEA,Product B,1710.47,5
2025-02-04,C39,Americas,Product B,697.69,9
2025-02-04,C374,Americas,Product C,1775.66,9
2025-02-04,C295,Americas,Product B,1592.21,13
2025-02-04,C153,APAC,Product A,408.81,3
2025-02-04,C85,EMEA,Product B,3195.83,13
2025-02-04,C48,Americas,Product B,1211.87,3
2025-02-04,C303,Americas,Product C,1252.91,5
2025-02-04,C6,APAC,Product A,3282.68,12
2025-02-04,C253,EMEA,Product B,3621.74,14
2025-02-05,C12,EMEA,Product A,3472.29,2
2025-02-05,C109,APAC,Product C,3546.62,8
2025-02-05,C267,APAC,Product A,1944.72,8
2025-02-05,C298,APAC,Product C,1523.34,2
2025-02-05,C157,Americas,Product A,538.92,10
2025-02-05,C13,EMEA,Product B,1620.23,8
2025-02-05,C171,Americas,Product C,3490.14,5
2025-02-05,C13,EMEA,Product B,4363.09,3
2025-02-05,C317,EMEA,Product B,2027.75,4
2025-02-05,C127,Americas,Product A,4154.04,12
2025-02-05,C375,Americas,Product C,3902.78,5
2025-02-05,C232,Americas,Product B,474.87,14
2025-02-05,C36,EMEA,Product A,3334.97,11
2025-02-05,C256,Americas,Product B,2678.99,4
2025-02-06,C218,Americas,Product B,909.3,8
2025-02-06,C43,Americas,Product C,1858.5,9
2025-02-06,C313,Americas,Product B,2324.86,9
2025-02-06,C300,APAC,Product B,2806.03,6
2025-02-06,C107,APAC,Product B,856.7,12
2025-02-06,C342,Americas,Product C,2828.67,6
2025-02-06,C341,APAC,Product B,4414.1,3
2025-02-06,C261,APAC,Product B,639.28,9
2025-02-06,C172,APAC,Product B,2582.37,11
2025-02-06,C252,EMEA,Product A,984.34,14
2025-02-06,C364,APAC,Product B,4429.05,11
2025-02-06,C104,APAC,Product B,3126.93,11
2025-02-06,C271,Americas,Product A,3491.55,2
2025-02-06,C326,Americas,Product A,4469.33,14
2025-02-06,C303,Americas,Product C,3953.1,4
2025-02-06,C236,APAC,Product C,1178.7,5
2025-02-06,C239,EMEA,Product A,3988.42,3
2025-02-06,C338,Americas,Product A,2986.09,1
2025-02-07,C251,EMEA,Product C,663.85,13
2025-02-07,C161,Americas,Product C,2591.34,8
2025-02-07,C312,EMEA,Product C,437.13,2
2025-02-07,C56,EMEA,Product B,850.84,10
2025-02-07,C353,Americas,Product A,1239.43,1
2025-02-07,C12,Americas,Product A,2210.42,14
2025-02-07,C265,EMEA,Product B,1875.27,2
2025-02-07,C139,Americas,Product B,2259.91,8
2025-02-07,C228,APAC,Product B,3628.31,6
2025-02-07,C385,EMEA,Product B,3998.15,9
2025-02-07,C300,APAC,Product C,2728.57,6
2025-02-07,C58,EMEA,Product A,2906.18,14
2025-02-07,C133,APAC,Product C,4362.6,13
2025-02-07,C287,Americas,Product C,4019.78,12
2025-02-07,C317,EMEA,Product A,1035.9,9
2025-02-07,C25,Americas,Product B,2782.81,9
2025-02-07,C226,APAC,Product B,2302.79,4
2025-02-07,C278,EMEA,Product B,4170.74,2
2025-02-08,C106,Americas,Product B,1125.16,3
2025-02-08,C346,EMEA,Product A,2418.92,5
2025-02-08,C8,EMEA,Product C,3242.37,13
2025-02-08,C167,EMEA,Product A,4203.24,13
2025-02-08,C134,APAC,Product B,1457.12,12
2025-02-08,C204,APAC,Product B,2245.6,9
2025-02-08,C286,APAC,Product A,3103.27,13
2025-02-08,C346,EMEA,Product A,2050.8,14
2025-02-08,C257,Americas,Product C,730.67,8
2025-02-08,C92,APAC,Product B,3442.86,8
2025-02-08,C142,EMEA,Product C,3359.74,6
2025-02-08,C380,APAC,Product A,2263.18,11
2025-02-08,C306,Americas,Product A,2933.36,14
2025-02-08,C165,APAC,Product A,842.87,12
2025-02-08,C260,EMEA,Product A,3992.17,10
2025-02-08,C52,Americas,Product C,2882.25,8
2025-02-08,C363,EMEA,Product C,2184.6,6
2025-02-09,C253,EMEA,Product B,2390.51,10
2025-02-09,C266,APAC,Product B,696.54,12
2025-02-09,C47,APAC,Product C,3737.24,12
2025-02-09,C2,EMEA,Product C,3236.1,3
2025-02-09,C369,Americas,Product C,3041.99,13
2025-02-09,C166,EMEA,Product A,2451.89,12
2025-02-09,C58,EMEA,Product A,2849.2,12
2025-02-09,C366,Americas,Product B,2613.24,6
2025-02-09,C357,Americas,Product A,726.15,5
2025-02-09,C191,EMEA,Product A,3360.3,11
2025-02-09,C101,EMEA,Product B,3321.88,8
2025-02-09,C245,EMEA,Product B,4060.63,7
2025-02-09,C64,EMEA,Product B,1102.26,2
2025-02-09,C10,Americas,Product A,3637.43,14
2025-02-09,C14,EMEA,Product B,852.59,4
2025-02-09,C365,EMEA,Product A,3230.02,6
2025-02-09,C74,EMEA,Product B,2278.06,6
2025-02-09,C208,Americas,Product A,4233.64,4
2025-02-09,C310,Americas,Product B,1229.03,3
2025-02-09,C9,APAC,Product A,766.07,14
2025-02-10,C108,EMEA,Product B,1190.77,9
2025-02-10,C347,APAC,Product B,542.11,7
2025-02-10,C301,APAC,Product C,2474.2,14
2025-02-10,C207,Americas,Product B,2676.81,14
2025-02-10,C254,EMEA,Product B,3650.2,10
2025-02-10,C150,EMEA,Product C,3332.46,9
2025-02-10,C219,APAC,Product B,2252.4,14
2025-02-10,C192,Americas,Product C,3251.74,14
2025-02-10,C352,EMEA,Product B,935.14,1
2025-02-10,C205,Americas,Product A,1805.49,11
2025-02-10,C211,Americas,Product A,2213.8,7
2025-02-10,C109,EMEA,Product C,2173.56,10
2025-02-10,C291,EMEA,Product A,571.53,11
2025-02-10,C368,EMEA,Product C,1501.84,10
2025-02-10,C72,Americas,Product B,4408.65,4
2025-02-10,C172,APAC,Product B,711.88,5
2025-02-10,C35,APAC,Product B,1103.82,10
2025-02-11,C389,Americas,Product B,3911.74,2
2025-02-11,C347,APAC,Product C,2906.65,6
2025-02-11,C282,EMEA,Product B,1101.16,12
2025-02-11,C293,APAC,Product A,4104.29,13
2025-02-11,C313,Americas,Product C,3089.7,11
2025-02-11,C104,APAC,Product B,730.03,11
2025-02-11,C37,Americas,Product A,2465.63,6
2025-02-11,C119,EMEA,Product A,3441.36,3
2025-02-11,C397,Americas,Product A,1229.15,13
2025-02-11,C168,APAC,Product C,2046.09,9
2025-02-11,C339,Americas,Product C,1777.09,3
2025-02-11,C295,Americas,Product B,3956.77,11
2025-02-11,C42,EMEA,Product A,4166.29,6
2025-02-11,C1,APAC,Product B,1189.52,5
2025-02-11,C333,APAC,Product C,3677.69,7
2025-02-11,C336,Americas,Product C,495.41,4
2025-02-11,C354,Americas,Product A,4122.03,2
2025-02-11,C263,Americas,Product B,2210.16,14
2025-02-11,C140,APAC,Product C,3808.36,11
2025-02-11,C106,Americas,Product B,2173.99,6
2025-02-12,C108,Americas,Product B,3320.23,12
2025-02-12,C152,EMEA,Product C,845.94,12
2025-02-12,C350,APAC,Product B,2772.06,4
2025-02-12,C343,APAC,Product C,3918.22,9
2025-02-12,C223,APAC,Product A,3755.87,11
2025-02-12,C198,APAC,Product A,1241.3,6
2025-02-12,C358,APAC,Product B,3241.78,7
2025-02-12,C83,APAC,Product C,569.87,6
2025-02-12,C24,APAC,Product C,1289.47,11
2025-02-12,C344,APAC,Product A,3958.7,14
2025-02-12,C220,APAC,Product C,3967.09,5
2025-02-12,C208,Americas,Product B,740.7,3
2025-02-12,C169,APAC,Product B,1953.21,11
2025-02-12,C347,APAC,Product C,4193.85,9
2025-02-12,C395,Americas,Product C,3773.87,11
2025-02-13,C313,Americas,Product B,1306.29,11
2025-02-13,C189,EMEA,Product B,2017.65,2
2025-02-13,C314,Americas,Product A,628.08,14
2025-02-13,C292,EMEA,Product B,759.96,3
2025-02-13,C308,Americas,Product B,1871.7,8
2025-02-13,C323,EMEA,Product B,2528.8,3
2025-02-13,C199,Americas,Product A,1403.04,14
2025-02-13,C15,Americas,Product B,725.31,13
2025-02-13,C132,Americas,Product A,442.57,4
2025-02-13,C248,Americas,Product C,421.48,3
2025-02-13,C219,EMEA,Product B,4068.6,13
2025-02-13,C375,Americas,Product C,1932.46,10
2025-02-14,C305,EMEA,Product A,2838.58,3
2025-02-14,C211,Americas,Product A,774.05,10
2025-02-14,C213,EMEA,Product B,2889.04,3
2025-02-14,C358,APAC,Product B,3813.33,14
2025-02-14,C80,EMEA,Product B,2404.01,11
2025-02-14,C150,EMEA,Product C,3405.18,8
2025-02-14,C200,EMEA,Product B,2002.68,9
2025-02-14,C309,EMEA,Product A,2287.64,1
2025-02-14,C379,Americas,Product A,1942.8,13
2025-02-14,C50,APAC,Product A,3909.4,12
2025-02-14,C225,EMEA,Product A,4052.68,11
2025-02-14,C126,APAC,Product C,3522.35,10
2025-02-14,C380,APAC,Product A,408.56,4
2025-02-14,C259,APAC,Product A,4174.15,11
2025-02-14,C75,EMEA,Product C,1008.0,1
2025-02-14,C29,APAC,Product B,2864.79,14
2025-02-14,C189,EMEA,Product A,3016.6,1
2025-02-15,C72,Americas,Product C,1497.05,5
2025-02-15,C219,EMEA,Product B,2913.13,13
2025-02-15,C304,APAC,Product C,4315.42,8
2025-02-15,C281,Americas,Product A,3723.75,12
2025-02-15,C85,EMEA,Product C,3728.03,7
2025-02-15,C389,Americas,Product B,3876.81,11
2025-02-15,C192,Americas,Product C,3224.57,1
2025-02-15,C159,EMEA,Product A,2528.77,3
2025-02-15,C345,Americas,Product A,2348.92,2
2025-02-15,C56,Americas,Product C,1386.97,2
2025-02-15,C108,EMEA,Product C,2183.18,2
2025-02-15,C106,Americas,Product B,1343.56,2
2025-02-15,C210,APAC,Product B,2900.28,14
2025-02-15,C117,EMEA,Product C,2443.73,7
2025-02-16,C117,EMEA,Product B,3170.46,8
2025-02-16,C322,EMEA,Product B,897.86,1
2025-02-16,C52,APAC,Product B,1132.32,11
2025-02-16,C211,EMEA,Product B,2296.67,8
2025-02-16,C46,APAC,Product B,2645.15,4
2025-02-16,C368,APAC,Product C,2270.1,11
2025-02-16,C15,Americas,Product A,3813.28,10
2025-02-16,C152,EMEA,Product C,706.24,9
2025-02-16,C63,APAC,Product C,3672.38,3
2025-02-16,C11,APAC,Product C,562.7,12
2025-02-17,C13,EMEA,Product B,1171.53,13
2025-02-17,C262,EMEA,Product B,3975.84,13
2025-02-17,C366,APAC,Product B,411.11,7
2025-02-17,C367,Americas,Product A,4439.11,6
2025-02-17,C30,EMEA,Product B,1466.73,11
2025-02-17,C67,APAC,Product A,4216.04,11
2025-02-17,C254,APAC,Product C,3979.05,3
2025-02-17,C56,EMEA,Product A,3086.54,11
2025-02-17,C294,APAC,Product C,4312.62,5
2025-02-17,C359,APAC,Product C,1150.49,4
2025-02-17,C350,APAC,Product B,4491.41,11
2025-02-17,C103,EMEA,Product B,2661.28,11
2025-02-17,C157,Americas,Product B,3966.9,11
2025-02-17,C114,Americas,Product B,3685.79,7
2025-02-17,C326,Americas,Product B,4494.51,1
2025-02-17,C328,Americas,Product B,403.63,8
2025-02-17,C137,APAC,Product B,2522.31,4
2025-02-17,C42,EMEA,Product A,3653.3,9
2025-02-17,C317,EMEA,Product C,1076.39,14
2025-02-18,C324,Americas,Product C,3239.93,2
2025-02-18,C74,EMEA,Product A,3820.01,14
2025-02-18,C270,APAC,Product C,4377.2,14
2025-02-18,C382,EMEA,Product C,2601.28,9
2025-02-18,C261,APAC,Product B,3856.35,13
2025-02-18,C312,EMEA,Product A,643.71,2
2025-02-18,C302,APAC,Product B,890.52,4
2025-02-18,C342,EMEA,Product B,3149.72,5
2025-02-18,C187,APAC,Product B,2524.44,1
2025-02-18,C12,EMEA,Product B,1303.72,7
2025-02-18,C133,EMEA,Product C,2959.23,2
2025-02-18,C242,APAC,Product A,3157.39,3
2025-02-18,C43,Americas,Product A,1635.95,2
2025-02-18,C372,APAC,Product C,806.18,6
2025-02-18,C62,EMEA,Product B,2172.27,4
2025-02-18,C242,EMEA,Product C,2135.64,6
2025-02-19,C47,EMEA,Product C,2006.04,12
2025-02-19,C45,APAC,Product C,4182.14,5
2025-02-19,C335,APAC,Product A,3220.11,5
2025-02-19,C74,EMEA,Product A,3334.34,13
2025-02-19,C154,APAC,Product C,2520.96,11
2025-02-19,C32,APAC,Product C,3203.99,11
2025-02-19,C312,EMEA,Product C,639.69,5
2025-02-19,C146,APAC,Product B,4450.69,5
2025-02-19,C88,Americas,Product A,3303.56,6
2025-02-19,C117,EMEA,Product C,1159.43,3
2025-02-19,C121,Americas,Product B,3635.14,13
2025-02-19,C347,APAC,Product B,517.98,7
2025-02-19,C289,EMEA,Product C,2526.41,14
2025-02-19,C92,APAC,Product B,1886.37,11
2025-02-19,C346,EMEA,Product A,2705.86,4
2025-02-19,C183,APAC,Product B,1216.24,8
2025-02-19,C357,EMEA,Product A,1280.05,5
2025-02-20,C49,EMEA,Product C,3418.32,12
2025-02-20,C194,EMEA,Product B,3943.71,13
2025-02-20,C305,EMEA,Product A,3290.1,14
2025-02-20,C150,EMEA,Product B,3522.43,4
2025-02-20,C385,EMEA,Product B,3977.26,4
2025-02-20,C234,EMEA,Product A,1132.83,7
2025-02-20,C131,APAC,Product C,1445.05,11
2025-02-20,C11,APAC,Product A,1474.54,1
2025-02-20,C28,APAC,Product A,2070.34,8
2025-02-20,C203,EMEA,Product A,1454.54,9
2025-02-20,C352,EMEA,Product B,621.47,3
2025-02-20,C222,Americas,Product A,1576.21,14
2025-02-20,C113,APAC,Product C,3376.57,6
2025-02-20,C368,APAC,Product C,927.38,11
2025-02-20,C186,EMEA,Product C,2669.98,5
2025-02-20,C309,EMEA,Product A,2883.92,9
2025-02-20,C12,EMEA,Product B,1604.34,12
2025-02-20,C400,Americas,Product A,1234.12,4
2025-02-21,C95,APAC,Product A,1662.29,13
2025-02-21,C296,APAC,Product B,4409.37,13
2025-02-21,C97,APAC,Product B,2103.92,3
2025-02-21,C302,APAC,Product B,3588.58,1
2025-02-21,C393,Americas,Product C,4027.13,14
2025-02-21,C357,EMEA,Product B,810.07,6
2025-02-21,C389,Americas,Product B,3561.8,14
2025-02-21,C23,Americas,Product C,443.65,12
2025-02-21,C72,Americas,Product A,503.86,5
2025-02-21,C257,Americas,Product C,1331.48,11
2025-02-21,C102,APAC,Product C,3673.42,8
2025-02-21,C60,Americas,Product A,3092.04,12
2025-02-21,C93,EMEA,Product A,582.78,10
2025-02-21,C9,APAC,Product A,3278.93,1
2025-02-21,C133,Americas,Product C,937.68,10
2025-02-21,C173,Americas,Product A,2213.85,3
2025-02-21,C243,EMEA,Product A,3441.62,11
2025-02-21,C52,Americas,Product B,1908.56,7
2025-02-21,C245,EMEA,Product C,2159.48,13
2025-02-21,C63,APAC,Product C,1990.22,11
2025-02-21,C369,Americas,Product C,4317.78,8
2025-02-22,C311,Americas,Product C,1281.2,10
2025-02-22,C324,EMEA,Product A,1113.0,3
2025-02-22,C350,APAC,Product B,3919.89,14
2025-02-22,C93,EMEA,Product A,2247.96,13
2025-02-22,C129,Americas,Product C,3808.84,1
2025-02-22,C147,EMEA,Product C,1495.8,10
2025-02-22,C271,Americas,Product A,2474.63,2
2025-02-22,C361,EMEA,Product B,2265.86,5
2025-02-22,C273,Americas,Product A,3421.73,4
2025-02-22,C195,Americas,Product C,1755.57,11
2025-02-22,C211,Americas,Product B,2366.0,6
2025-02-22,C112,EMEA,Product B,3504.17,6
2025-02-23,C132,Americas,Product C,3989.52,10
2025-02-23,C120,APAC,Product C,1292.39,6
2025-02-23,C20,Americas,Product A,1032.1,4
2025-02-23,C121,Americas,Product B,3806.98,12
2025-02-23,C281,Americas,Product A,4137.95,7
2025-02-23,C131,APAC,Product A,2829.34,12
2025-02-23,C286,APAC,Product B,3536.39,9
2025-02-23,C143,Americas,Product A,3445.87,7
2025-02-23,C333,APAC,Product B,1690.44,7
2025-02-23,C363,Americas,Product C,1952.86,12
2025-02-23,C131,APAC,Product A,4455.13,10
2025-02-23,C201,APAC,Product A,732.45,12
2025-02-23,C59,APAC,Product C,615.14,2
2025-02-23,C155,Americas,Product C,3870.77,8
2025-02-23,C114,EMEA,Product B,521.78,14
2025-02-23,C68,Americas,Product A,1754.56,7
2025-02-23,C36,EMEA,Product A,3162.46,7
2025-02-23,C14,Americas,Product B,1261.13,8
2025-02-23,C14,Americas,Product C,3308.31,8
2025-02-23,C259,APAC,Product B,1864.24,10
2025-02-23,C200,EMEA,Product B,2129.4,9
2025-02-23,C18,APAC,Product C,1373.13,3
2025-02-23,C48,EMEA,Product B,3127.78,5
2025-02-23,C9,APAC,Product A,3641.54,11
2025-02-24,C33,APAC,Product B,2066.17,5
2025-02-24,C385,EMEA,Product A,1054.09,10
2025-02-24,C81,Americas,Product C,2845.53,3
2025-02-24,C125,EMEA,Product C,4065.3,9
2025-02-24,C207,EMEA,Product A,510.04,5
2025-02-24,C157,Americas,Product B,3060.17,5
2025-02-24,C162,EMEA,Product A,1331.56,7
2025-02-24,C114,EMEA,Product B,3886.81,6
2025-02-24,C302,APAC,Product B,3143.11,12
2025-02-24,C269,APAC,Product C,2405.33,9
2025-02-24,C160,EMEA,Product B,3369.4,9
2025-02-24,C28,Americas,Product B,997.32,13
2025-02-24,C181,APAC,Product A,2861.92,12
2025-02-24,C40,EMEA,Product A,3984.14,14
2025-02-24,C324,EMEA,Product A,2161.67,9
2025-02-24,C18,EMEA,Product B,3003.54,7
2025-02-24,C339,Americas,Product B,3287.55,7
2025-02-24,C182,Americas,Product C,916.55,5
2025-02-24,C373,EMEA,Product B,2179.53,8
2025-02-24,C336,Americas,Product A,2803.02,14
2025-02-25,C73,Americas,Product C,3259.86,5
2025-02-25,C138,Americas,Product C,2175.73,6
2025-02-25,C147,EMEA,Product B,2689.31,3
2025-02-25,C148,Americas,Product A,3844.64,3
2025-02-25,C42,EMEA,Product C,4239.88,7
2025-02-25,C395,Americas,Product B,4273.67,10
2025-02-25,C134,APAC,Product B,1749.28,7
2025-02-25,C241,EMEA,Product B,3023.06,10
2025-02-25,C145,APAC,Product A,4317.97,8
2025-02-25,C182,Americas,Product C,4049.09,2
2025-02-25,C378,APAC,Product A,2815.42,6
2025-02-25,C203,EMEA,Product B,3069.98,7
2025-02-25,C364,APAC,Product B,958.62,8
2025-02-25,C269,APAC,Product A,3504.63,7
2025-02-25,C111,EMEA,Product C,437.79,1
2025-02-25,C282,EMEA,Product C,2521.63,4
2025-02-25,C57,APAC,Product A,4035.47,7
2025-02-26,C307,Americas,Product B,2376.11,5
2025-02-26,C301,Americas,Product C,2189.31,1
2025-02-26,C69,APAC,Product B,2411.15,5
2025-02-26,C11,APAC,Product A,3452.75,14
2025-02-26,C23,EMEA,Product B,1552.7,11
2025-02-26,C138,Americas,Product A,4012.72,7
2025-02-26,C180,EMEA,Product B,1420.0,5
2025-02-26,C31,Americas,Product A,1809.12,12
2025-02-26,C1,APAC,Product A,3475.19,2
2025-02-27,C53,EMEA,Product C,3346.8,2
2025-02-27,C77,APAC,Product B,2228.21,3
2025-02-27,C329,Americas,Product B,2676.33,3
2025-02-27,C2,EMEA,Product C,1852.58,6
2025-02-27,C35,APAC,Product A,3667.22,14
2025-02-27,C149,Americas,Product A,752.84,2
2025-02-27,C102,EMEA,Product C,4361.38,13
2025-02-27,C187,APAC,Product B,3230.51,7
2025-02-27,C144,EMEA,Product B,1651.41,14
2025-02-27,C184,Americas,Product A,512.98,4
2025-02-27,C123,Americas,Product B,1337.97,9
2025-02-27,C293,APAC,Product A,4089.86,12
2025-02-27,C366,Americas,Product A,2737.62,4
2025-02-27,C265,Americas,Product C,945.24,10
2025-02-27,C344,Americas,Product B,1932.59,4
2025-02-27,C157,Americas,Product B,2507.81,2
2025-02-27,C108,EMEA,Product C,3723.06,11
2025-02-27,C42,EMEA,Product A,2632.93,5
2025-02-27,C187,Americas,Product B,2381.35,6
2025-02-27,C73,APAC,Product A,3983.24,7
2025-02-27,C7,APAC,Product C,1218.14,12
2025-02-28,C314,EMEA,Product B,3810.32,8
2025-02-28,C47,Americas,Product B,2918.85,7
2025-02-28,C203,EMEA,Product C,3887.55,14
2025-02-28,C216,APAC,Product B,1391.45,3
2025-02-28,C223,APAC,Product A,1969.92,2
2025-02-28,C38,Americas,Product B,1419.51,10
2025-02-28,C383,APAC,Product A,606.62,1
2025-02-28,C395,Americas,Product C,874.35,10
2025-02-28,C309,EMEA,Product C,797.97,6
2025-02-28,C257,Americas,Product C,3679.16,6
2025-02-28,C11,APAC,Product A,1513.46,11
2025-02-28,C263,Americas,Product C,1829.57,2
2025-02-28,C156,EMEA,Product A,1027.64,10
2025-02-28,C59,APAC,Product A,2398.96,13
2025-02-28,C43,Americas,Product C,4326.6,14
2025-02-28,C22,APAC,Product C,1037.13,5
2025-02-28,C200,EMEA,Product B,3384.84,11
2025-02-28,C218,APAC,Product C,1340.35,7
2025-03-01,C17,Americas,Product B,2933.09,3
2025-03-01,C368,APAC,Product C,620.65,9
2025-03-01,C257,Americas,Product B,413.69,8
2025-03-01,C174,Americas,Product C,594.7,10
2025-03-01,C215,Americas,Product B,519.88,2
2025-03-01,C124,EMEA,Product A,3960.66,10
2025-03-01,C187,APAC,Product B,437.5,14
2025-03-01,C34,EMEA,Product A,1822.58,3
2025-03-01,C128,Americas,Product A,3987.19,3
2025-03-01,C387,APAC,Product C,2052.02,1
2025-03-01,C172,APAC,Product A,1031.21,9
2025-03-01,C161,Americas,Product C,634.89,8
2025-03-01,C114,Americas,Product B,2442.9,12
2025-03-01,C261,APAC,Product B,3483.58,12
2025-03-01,C330,APAC,Product C,1879.17,5
2025-03-01,C205,Americas,Product B,4326.44,10
2025-03-01,C268,Americas,Product C,1137.82,6
2025-03-01,C107,Americas,Product C,1770.65,13
2025-03-01,C286,APAC,Product C,2995.15,4
2025-03-01,C219,EMEA,Product B,1695.23,14
2025-03-01,C227,APAC,Product A,2274.57,11
2025-03-01,C226,Americas,Product A,1950.45,11
2025-03-02,C97,Americas,Product C,1330.99,10
2025-03-02,C245,APAC,Product B,1414.43,1
2025-03-02,C394,Americas,Product B,1426.18,4
2025-03-02,C328,Americas,Product B,2781.26,14
2025-03-02,C74,EMEA,Product B,789.74,14
2025-03-02,C357,EMEA,Product A,2057.43,9
2025-03-02,C344,Americas,Product C,1719.36,3
2025-03-02,C264,APAC,Product C,1154.43,14
2025-03-02,C186,APAC,Product C,1405.52,5
2025-03-02,C23,EMEA,Product C,679.96,7
2025-03-02,C16,Americas,Product C,3925.55,12
2025-03-02,C96,Americas,Product C,609.69,2
2025-03-02,C261,EMEA,Product B,957.38,8
2025-03-02,C86,Americas,Product B,4287.15,10
2025-03-02,C17,Americas,Product B,2626.31,13
2025-03-02,C110,EMEA,Product B,4256.52,4
2025-03-02,C151,EMEA,Product A,1456.45,14
2025-03-03,C171,Americas,Product C,1139.78,13
2025-03-03,C378,APAC,Product A,417.3,7
2025-03-03,C205,Americas,Product A,1840.58,8
2025-03-03,C95,APAC,Product A,488.45,2
2025-03-03,C26,EMEA,Product C,1219.85,9
2025-03-03,C397,Americas,Product A,2737.02,11
2025-03-03,C359,EMEA,Product A,3537.02,13
2025-03-03,C3,Americas,Product C,3600.91,1
2025-03-03,C188,EMEA,Product C,819.71,5
2025-03-03,C324,APAC,Product A,3933.96,9
2025-03-03,C276,EMEA,Product C,1845.61,4
2025-03-04,C278,EMEA,Product B,1368.2,8
2025-03-04,C36,EMEA,Product A,3694.36,12
2025-03-04,C16,Americas,Product C,2148.89,10
2025-03-04,C91,Americas,Product C,1442.26,1
2025-03-04,C292,EMEA,Product B,1958.01,14
2025-03-04,C210,APAC,Product B,3802.89,9
2025-03-04,C51,APAC,Product B,3569.57,10
2025-03-04,C49,APAC,Product C,955.44,2
2025-03-04,C36,EMEA,Product A,1072.09,13
2025-03-04,C272,EMEA,Product C,2945.28,4
2025-03-04,C117,EMEA,Product B,2864.42,12
2025-03-04,C112,EMEA,Product C,1433.61,8
2025-03-04,C159,EMEA,Product A,4137.3,14
2025-03-04,C185,EMEA,Product A,602.5,10
2025-03-04,C374,APAC,Product C,2181.77,9
2025-03-04,C317,EMEA,Product C,4322.25,2
2025-03-04,C142,APAC,Product C,3515.5,5
2025-03-04,C269,APAC,Product B,1039.6,8
2025-03-04,C306,APAC,Product C,4320.47,9
2025-03-05,C110,APAC,Product C,3157.04,9
2025-03-05,C49,APAC,Product B,3211.79,5
2025-03-05,C233,APAC,Product B,4461.67,5
2025-03-05,C32,APAC,Product A,3269.03,13
2025-03-05,C110,APAC,Product C,2257.53,14
2025-03-05,C159,APAC,Product A,468.26,5
2025-03-05,C154,Americas,Product C,2994.78,5
2025-03-05,C21,Americas,Product B,3193.31,13
2025-03-05,C150,EMEA,Product C,3646.17,10
2025-03-05,C259,APAC,Product A,4111.72,11
2025-03-05,C312,EMEA,Product C,661.21,1
2025-03-06,C325,APAC,Product C,3227.26,5
2025-03-06,C332,EMEA,Product B,1290.66,8
2025-03-06,C50,APAC,Product B,1319.34,14
2025-03-06,C278,EMEA,Product B,4187.09,10
2025-03-06,C395,Americas,Product C,2810.74,12
2025-03-06,C116,APAC,Product A,681.81,8
2025-03-06,C388,EMEA,Product A,3748.39,7
2025-03-06,C62,EMEA,Product C,3391.25,6
2025-03-07,C169,APAC,Product C,1585.15,10
2025-03-07,C50,APAC,Product A,2939.85,9
2025-03-07,C89,EMEA,Product B,420.82,12
2025-03-07,C250,EMEA,Product B,4342.84,13
2025-03-07,C50,APAC,Product A,4388.01,5
2025-03-07,C39,Americas,Product C,2142.67,8
2025-03-07,C13,Americas,Product C,1038.78,3
2025-03-07,C387,APAC,Product A,958.68,3
2025-03-07,C324,EMEA,Product C,4492.44,10
2025-03-07,C348,Americas,Product B,1296.17,9
2025-03-07,C39,Americas,Product C,1477.75,2
2025-03-08,C19,EMEA,Product C,906.88,9
2025-03-08,C91,Americas,Product C,2223.32,2
2025-03-08,C375,APAC,Product A,1537.61,14
2025-03-08,C374,APAC,Product C,1403.37,5
2025-03-08,C336,Americas,Product B,3055.96,5
2025-03-08,C256,Americas,Product B,3594.0,14
2025-03-08,C47,APAC,Product C,905.65,5
2025-03-08,C250,EMEA,Product B,3823.91,9
2025-03-08,C112,EMEA,Product B,1811.08,11
2025-03-08,C345,Americas,Product C,2480.48,5
2025-03-08,C389,Americas,Product B,3389.07,1
2025-03-08,C382,EMEA,Product B,3117.26,3
2025-03-09,C343,APAC,Product C,676.58,2
2025-03-09,C361,EMEA,Product B,4003.46,4
2025-03-09,C207,APAC,Product A,3312.74,11
2025-03-09,C123,Americas,Product B,3854.0,14
2025-03-09,C119,Americas,Product B,1658.53,3
2025-03-09,C133,EMEA,Product B,3729.73,10
2025-03-09,C337,EMEA,Product B,3259.58,11
2025-03-09,C237,APAC,Product A,2026.6,10
2025-03-09,C160,EMEA,Product B,601.94,9
2025-03-09,C72,Americas,Product C,3981.83,7
2025-03-09,C79,Americas,Product B,1128.91,12
2025-03-09,C179,Americas,Product C,1936.26,6
2025-03-09,C396,EMEA,Product C,3586.23,6
2025-03-09,C108,EMEA,Product A,1034.82,13
2025-03-09,C218,Americas,Product A,1083.29,5
2025-03-09,C351,APAC,Product B,632.82,2
2025-03-10,C221,EMEA,Product A,403.45,3
2025-03-10,C102,EMEA,Product B,2411.17,11
2025-03-10,C14,Americas,Product B,2161.68,10
2025-03-10,C142,APAC,Product C,3935.09,9
2025-03-10,C257,Americas,Product C,2079.97,14
2025-03-10,C22,APAC,Product C,2501.03,7
2025-03-10,C326,Americas,Product A,3151.75,8
2025-03-10,C161,Americas,Product C,1074.95,6
2025-03-10,C359,Americas,Product B,571.13,7
2025-03-10,C120,APAC,Product C,4076.4,8
2025-03-10,C320,APAC,Product A,3340.52,12
2025-03-10,C57,APAC,Product A,1941.7,7
2025-03-11,C69,APAC,Product C,840.5,9
2025-03-11,C257,Americas,Product C,679.31,14
2025-03-11,C341,Americas,Product B,2003.7,5
2025-03-11,C79,Americas,Product B,4170.71,12
2025-03-11,C32,APAC,Product B,4051.55,3
2025-03-11,C259,APAC,Product A,3481.61,12
2025-03-11,C362,Americas,Product A,4110.56,8
2025-03-11,C8,EMEA,Product C,1500.46,8
2025-03-11,C366,Americas,Product B,2989.76,1
2025-03-11,C253,EMEA,Product C,3470.84,11
2025-03-11,C351,APAC,Product B,4015.42,10
2025-03-11,C371,EMEA,Product A,971.59,7
2025-03-11,C115,Americas,Product B,3136.98,10
2025-03-11,C310,Americas,Product B,2429.09,11
2025-03-11,C26,EMEA,Product A,3090.65,13
2025-03-11,C54,EMEA,Product B,2425.44,12
2025-03-11,C152,EMEA,Product C,2086.97,8
2025-03-11,C81,Americas,Product A,3636.74,4
2025-03-12,C224,Americas,Product C,3930.36,10
2025-03-12,C115,Americas,Product B,4172.43,1
2025-03-12,C126,APAC,Product B,1407.85,7
2025-03-12,C219,EMEA,Product B,582.8,6
2025-03-12,C160,EMEA,Product C,3467.77,9
2025-03-12,C227,APAC,Product A,3074.55,3
2025-03-12,C399,Americas,Product C,2131.07,1
2025-03-12,C162,EMEA,Product B,2652.53,4
2025-03-12,C61,APAC,Product C,820.42,6
2025-03-12,C129,EMEA,Product B,2947.05,13
2025-03-12,C22,APAC,Product C,4397.3,6
2025-03-12,C373,EMEA,Product A,4085.29,3
2025-03-12,C396,EMEA,Product B,3387.92,10
2025-03-12,C304,APAC,Product B,1297.13,11
2025-03-13,C291,Americas,Product A,3632.85,9
2025-03-13,C113,Americas,Product C,1754.95,5
2025-03-13,C30,EMEA,Product C,431.54,5
2025-03-13,C173,Americas,Product A,1718.52,14
2025-03-13,C29,APAC,Product B,554.31,8
2025-03-13,C223,APAC,Product A,896.77,8
2025-03-13,C198,APAC,Product A,2060.64,5
2025-03-13,C367,APAC,Product A,1019.42,5
2025-03-13,C367,Americas,Product A,1940.75,4
2025-03-13,C256,Americas,Product B,2077.74,13
2025-03-13,C308,Americas,Product B,4000.77,8
2025-03-13,C14,Americas,Product C,3804.38,8
2025-03-13,C34,EMEA,Product C,4271.46,5
2025-03-13,C130,Americas,Product C,4428.18,4
2025-03-13,C121,Americas,Product B,3269.46,2
2025-03-13,C250,Americas,Product A,3811.01,10
2025-03-14,C10,EMEA,Product A,2866.66,13
2025-03-14,C223,EMEA,Product A,2192.16,2
2025-03-14,C181,APAC,Product A,2483.73,14
2025-03-14,C66,Americas,Product B,1551.95,11
2025-03-14,C138,Americas,Product A,3528.86,6
2025-03-14,C224,Americas,Product A,2489.48,5
2025-03-14,C159,EMEA,Product C,4432.88,14
2025-03-14,C292,EMEA,Product B,1094.22,9
2025-03-14,C244,Americas,Product B,3399.63,12
2025-03-14,C266,Americas,Product B,3052.94,6
2025-03-14,C118,Americas,Product B,2225.39,8
2025-03-14,C374,APAC,Product B,1378.88,4
2025-03-14,C95,APAC,Product C,3544.51,9
2025-03-14,C257,Americas,Product B,1226.89,13
2025-03-14,C379,EMEA,Product C,1582.25,12
2025-03-15,C18,APAC,Product B,2099.32,4
2025-03-15,C101,EMEA,Product B,2256.47,6
2025-03-15,C323,EMEA,Product C,2757.58,6
2025-03-15,C300,APAC,Product C,3013.97,11
2025-03-15,C172,APAC,Product A,1946.16,14
2025-03-15,C187,Americas,Product B,3851.21,8
2025-03-15,C380,APAC,Product A,1454.02,11
2025-03-15,C121,Americas,Product B,1929.99,11
2025-03-15,C293,APAC,Product B,3366.93,6
2025-03-15,C385,EMEA,Product B,2747.15,8
2025-03-15,C201,APAC,Product A,708.25,8
2025-03-15,C360,EMEA,Product C,2352.25,13
2025-03-15,C99,APAC,Product A,3255.46,5
2025-03-16,C234,EMEA,Product A,4388.28,5
2025-03-16,C264,APAC,Product B,3038.74,12
2025-03-16,C102,EMEA,Product C,2613.16,7
2025-03-16,C195,Americas,Product B,645.02,4
2025-03-16,C170,EMEA,Product B,3244.2,4
2025-03-16,C378,APAC,Product A,2637.73,11
2025-03-16,C57,APAC,Product A,2166.04,14
2025-03-16,C106,Americas,Product B,1942.72,4
2025-03-16,C324,APAC,Product C,2750.69,4
2025-03-16,C323,EMEA,Product A,3692.44,11
2025-03-16,C11,EMEA,Product A,3247.96,8
2025-03-16,C255,APAC,Product B,2160.19,3
2025-03-16,C164,EMEA,Product B,2873.61,9
2025-03-17,C237,APAC,Product B,451.46,7
2025-03-17,C100,EMEA,Product C,4439.36,3
2025-03-17,C59,APAC,Product C,2459.34,2
2025-03-17,C233,APAC,Product B,3073.01,2
2025-03-17,C168,APAC,Product C,1152.9,11
2025-03-17,C209,APAC,Product A,809.04,12
2025-03-17,C138,Americas,Product A,2597.96,12
2025-03-17,C259,APAC,Product A,2210.34,13
2025-03-17,C357,EMEA,Product A,1420.85,9
2025-03-17,C375,Americas,Product C,3787.6,4
2025-03-17,C208,Americas,Product A,1037.65,14
2025-03-17,C30,EMEA,Product C,3126.69,10
2025-03-18,C189,APAC,Product B,2883.17,10
2025-03-18,C119,EMEA,Product A,2542.58,8
2025-03-18,C199,Americas,Product B,1941.49,7
2025-03-18,C180,APAC,Product B,1901.2,7
2025-03-18,C385,EMEA,Product B,2246.17,3
2025-03-18,C203,APAC,Product A,2704.71,10
2025-03-18,C381,EMEA,Product A,1606.65,2
2025-03-18,C10,Americas,Product A,3854.5,1
2025-03-18,C85,EMEA,Product C,3908.71,4
2025-03-18,C268,Americas,Product C,3143.36,2
2025-03-18,C45,APAC,Product A,859.47,7
2025-03-18,C240,Americas,Product C,2798.18,2
2025-03-18,C207,Americas,Product C,933.83,9
2025-03-18,C18,APAC,Product B,843.19,4
2025-03-18,C3,APAC,Product C,1727.43,8
2025-03-18,C121,Americas,Product B,1214.33,7
2025-03-19,C258,EMEA,Product C,3235.0,7
2025-03-19,C106,APAC,Product B,3174.04,7
2025-03-19,C81,Americas,Product A,3205.92,14
2025-03-19,C371,APAC,Product C,2854.25,2
2025-03-19,C303,Americas,Product C,3018.22,7
2025-03-19,C198,APAC,Product A,1260.46,6
2025-03-19,C75,EMEA,Product C,736.62,1
2025-03-19,C197,Americas,Product A,1832.4,7
2025-03-19,C359,Americas,Product A,3189.15,6
2025-03-19,C3,APAC,Product C,2845.66,4
2025-03-19,C295,Americas,Product A,4040.05,13
2025-03-19,C383,APAC,Product C,3735.93,9
2025-03-19,C190,EMEA,Product C,3853.0,11
2025-03-20,C146,APAC,Product A,4453.53,12
2025-03-20,C235,APAC,Product A,2246.68,13
2025-03-20,C227,APAC,Product B,1246.79,14
2025-03-20,C106,Americas,Product B,2915.46,5
2025-03-20,C392,APAC,Product C,3961.17,8
2025-03-20,C330,APAC,Product A,1502.68,11
2025-03-20,C284,APAC,Product A,2540.86,12
2025-03-20,C212,APAC,Product B,1505.6,6
2025-03-20,C14,Americas,Product C,1070.86,4
2025-03-20,C264,APAC,Product B,1775.73,6
2025-03-20,C205,Americas,Product A,4020.77,4
2025-03-20,C143,Americas,Product A,411.99,4
2025-03-20,C24,APAC,Product C,3858.92,11
2025-03-20,C170,Americas,Product B,2634.16,5
2025-03-20,C260,EMEA,Product C,3877.89,12
2025-03-20,C44,EMEA,Product C,3227.66,12
2025-03-20,C197,Americas,Product A,4172.57,12
2025-03-20,C53,APAC,Product B,1344.65,8
2025-03-21,C172,APAC,Product B,1457.6,1
2025-03-21,C297,APAC,Product B,3384.64,5
2025-03-21,C30,EMEA,Product C,2355.18,1
2025-03-21,C56,APAC,Product B,3083.32,1
2025-03-21,C175,APAC,Product A,3729.77,2
2025-03-21,C62,EMEA,Product C,3267.52,6
2025-03-21,C116,Americas,Product B,4272.09,10
2025-03-21,C5,EMEA,Product A,3860.25,10
2025-03-21,C321,APAC,Product A,2280.83,5
2025-03-21,C391,Americas,Product C,2749.27,6
2025-03-21,C25,Americas,Product B,4493.35,12
2025-03-21,C242,EMEA,Product B,2354.35,5
2025-03-21,C57,Americas,Product A,477.62,9
2025-03-21,C204,APAC,Product B,680.33,5
2025-03-21,C176,Americas,Product A,1641.74,10
2025-03-22,C24,APAC,Product C,3091.24,6
2025-03-22,C312,EMEA,Product C,1847.73,2
2025-03-22,C333,APAC,Product A,2458.22,7
2025-03-22,C386,APAC,Product B,4356.58,6
2025-03-22,C158,APAC,Product C,577.96,9
2025-03-22,C50,EMEA,Product A,527.41,12
2025-03-22,C105,EMEA,Product C,893.65,11
2025-03-22,C4,EMEA,Product C,763.3,1
2025-03-22,C53,APAC,Product B,4220.83,14
2025-03-22,C356,EMEA,Product A,3269.52,6
2025-03-22,C209,APAC,Product A,3927.41,5
2025-03-22,C206,APAC,Product B,903.57,1
2025-03-22,C38,APAC,Product C,2890.55,10
2025-03-22,C87,APAC,Product C,610.0,7
2025-03-22,C157,Americas,Product C,1680.21,5
2025-03-22,C17,Americas,Product B,458.68,4
2025-03-22,C246,Americas,Product A,3207.29,2
2025-03-23,C297,APAC,Product A,3127.4,6
2025-03-23,C106,EMEA,Product B,1214.69,14
2025-03-23,C171,APAC,Product A,1704.24,8
2025-03-23,C284,APAC,Product A,3386.88,2
2025-03-23,C108,EMEA,Product C,2052.49,1
2025-03-23,C77,APAC,Product C,2129.53,3
2025-03-23,C21,EMEA,Product B,1939.93,2
2025-03-23,C88,APAC,Product A,1483.15,4
2025-03-23,C204,APAC,Product B,1228.05,1
2025-03-23,C2,EMEA,Product C,3557.18,2
2025-03-23,C268,Americas,Product C,1966.94,1
2025-03-23,C102,EMEA,Product B,520.23,10
2025-03-23,C253,EMEA,Product A,2338.13,3
2025-03-24,C210,APAC,Product C,3273.29,11
2025-03-24,C203,EMEA,Product A,2777.57,9
2025-03-24,C359,Americas,Product C,3796.22,14
2025-03-24,C242,EMEA,Product A,3199.43,2
2025-03-24,C372,APAC,Product C,511.4,12
2025-03-24,C205,Americas,Product A,4176.87,1
2025-03-24,C221,EMEA,Product A,642.85,4
2025-03-24,C61,APAC,Product C,3798.71,10
2025-03-24,C329,Americas,Product A,1518.11,11
2025-03-24,C160,EMEA,Product A,3242.77,2
2025-03-24,C169,APAC,Product B,2816.47,9
2025-03-24,C307,Americas,Product B,3708.11,13
2025-03-25,C94,EMEA,Product A,459.19,7
2025-03-25,C335,APAC,Product C,3206.5,9
2025-03-25,C24,APAC,Product B,3566.61,13
2025-03-25,C129,Americas,Product B,1783.41,3
2025-03-25,C133,EMEA,Product C,1445.87,5
2025-03-25,C291,Americas,Product B,1373.18,1
2025-03-25,C162,EMEA,Product A,3423.84,4
2025-03-25,C143,APAC,Product A,2287.31,9
2025-03-25,C86,Americas,Product B,1129.44,2
2025-03-25,C137,Americas,Product B,4207.6,11
2025-03-25,C169,APAC,Product B,1395.58,14
2025-03-26,C77,EMEA,Product B,3159.02,4
2025-03-26,C241,EMEA,Product C,2677.85,11
2025-03-26,C74,EMEA,Product B,3219.7,7
2025-03-26,C30,Americas,Product A,2704.15,2
2025-03-26,C11,Americas,Product A,958.8,4
2025-03-26,C40,Americas,Product A,2679.4,3
2025-03-26,C85,Americas,Product C,4261.69,10
2025-03-26,C63,APAC,Product C,1941.24,1
2025-03-26,C189,EMEA,Product A,2378.43,13
2025-03-26,C227,APAC,Product B,1136.94,13
2025-03-26,C306,EMEA,Product C,3338.1,9
2025-03-26,C357,Americas,Product A,4201.32,11
2025-03-26,C265,Americas,Product C,1226.79,10
2025-03-26,C167,APAC,Product A,4125.47,2
2025-03-26,C147,EMEA,Product C,944.98,7
2025-03-26,C377,EMEA,Product C,3108.96,10
2025-03-27,C380,APAC,Product B,2323.91,4
2025-03-27,C256,Americas,Product B,3929.52,13
2025-03-27,C84,Americas,Product A,1735.32,10
2025-03-27,C285,EMEA,Product B,1333.11,5
2025-03-27,C257,Americas,Product C,3654.34,7
2025-03-27,C113,APAC,Product C,2577.53,3
2025-03-27,C18,APAC,Product B,3732.42,8
2025-03-27,C89,EMEA,Product B,3970.22,2
2025-03-27,C126,APAC,Product A,4159.68,8
2025-03-27,C331,Americas,Product B,1866.29,11
2025-03-27,C304,APAC,Product B,2018.4,6
2025-03-27,C394,APAC,Product C,4038.35,8
2025-03-27,C74,EMEA,Product C,3747.43,12
2025-03-27,C97,APAC,Product C,1295.64,14
2025-03-27,C181,APAC,Product A,2295.8,8
2025-03-27,C162,EMEA,Product A,3765.47,7
2025-03-27,C311,Americas,Product C,1218.02,4
2025-03-27,C360,EMEA,Product C,2351.59,6
2025-03-27,C80,EMEA,Product C,3453.28,13
2025-03-27,C203,Americas,Product A,2349.85,1
2025-03-27,C136,Americas,Product B,2389.76,6
2025-03-27,C294,APAC,Product C,3217.76,5
2025-03-28,C229,EMEA,Product A,1125.25,12
2025-03-28,C224,Americas,Product A,3819.2,4
2025-03-28,C48,Americas,Product B,3624.79,13
2025-03-28,C142,APAC,Product C,531.08,1
2025-03-28,C188,EMEA,Product C,1997.92,8
2025-03-28,C298,APAC,Product C,587.44,9
2025-03-28,C397,Americas,Product B,611.47,1
2025-03-28,C17,Americas,Product B,3728.9,6
2025-03-28,C212,APAC,Product B,2270.72,11
2025-03-28,C183,APAC,Product B,3874.18,8
2025-03-28,C119,EMEA,Product A,1823.1,1
2025-03-28,C82,Americas,Product B,3226.62,12
2025-03-29,C149,Americas,Product A,4174.24,1
2025-03-29,C8,EMEA,Product B,943.33,7
2025-03-29,C374,EMEA,Product C,2568.54,7
2025-03-29,C111,EMEA,Product C,1893.89,10
2025-03-29,C85,EMEA,Product B,3117.99,3
2025-03-29,C268,Americas,Product C,3044.74,8
2025-03-29,C93,EMEA,Product A,427.18,11
2025-03-29,C65,Americas,Product A,2607.96,1
2025-03-29,C151,EMEA,Product C,4094.79,9
2025-03-29,C257,APAC,Product C,1920.37,13
2025-03-29,C381,EMEA,Product C,957.35,4
2025-03-29,C78,APAC,Product C,2116.01,4
2025-03-29,C281,Americas,Product C,4223.6,13
2025-03-29,C78,APAC,Product C,1217.22,4
2025-03-29,C65,Americas,Product A,2833.04,2
2025-03-29,C205,Americas,Product A,1960.33,1
2025-03-30,C263,Americas,Product B,1557.74,13
2025-03-30,C224,Americas,Product C,2478.05,9
2025-03-30,C302,APAC,Product B,4254.81,3
2025-03-30,C121,Americas,Product B,3972.14,9
2025-03-30,C39,Americas,Product B,4195.78,12
2025-03-30,C257,Americas,Product B,1124.44,13
2025-03-30,C33,Americas,Product B,4292.52,4
2025-03-30,C365,APAC,Product A,4162.11,10
2025-03-30,C47,APAC,Product C,2179.0,14
2025-03-30,C103,Americas,Product B,3928.78,7
2025-03-30,C102,APAC,Product C,1533.55,12
2025-03-30,C149,Americas,Product A,4311.97,3
2025-03-30,C221,EMEA,Product C,1364.99,9
2025-03-30,C172,APAC,Product B,1775.94,6
2025-03-30,C59,APAC,Product C,3919.28,9
2025-03-30,C314,Americas,Product B,2877.67,6
2025-03-30,C315,APAC,Product A,1436.39,13
2025-03-30,C113,APAC,Product A,2279.45,8
2025-03-30,C57,APAC,Product A,2180.57,9
2025-03-31,C296,APAC,Product C,1039.76,3
2025-03-31,C313,Americas,Product B,637.69,8
2025-03-31,C104,APAC,Product A,921.91,1
2025-03-31,C118,Americas,Product B,2919.02,8
2025-03-31,C213,EMEA,Product C,1227.9,3
2025-03-31,C63,APAC,Product B,2968.67,6
2025-03-31,C42,EMEA,Product A,3173.51,9
2025-03-31,C352,EMEA,Product C,1310.52,6
2025-03-31,C165,APAC,Product A,3287.61,11
2025-03-31,C351,APAC,Product B,4052.57,10
2025-03-31,C116,Americas,Product B,2612.93,12
2025-03-31,C294,APAC,Product C,3478.99,2
2025-03-31,C323,EMEA,Product C,1568.61,4
2025-03-31,C120,Americas,Product C,4394.3,11
2025-03-31,C125,EMEA,Product C,1760.08,11
2025-03-31,C348,Americas,Product B,545.53,6
2025-03-31,C351,APAC,Product B,3690.62,5
2025-03-31,C307,Americas,Product B,1063.17,7
2025-03-31,C369,Americas,Product C,2515.73,9
2025-04-01,C182,Americas,Product C,2351.87,7
2025-04-01,C89,EMEA,Product B,3120.58,2
2025-04-01,C99,APAC,Product C,3981.05,3
2025-04-01,C264,APAC,Product A,1265.57,6
2025-04-01,C254,APAC,Product B,2838.19,3
2025-04-01,C196,APAC,Product C,2120.76,5
2025-04-01,C367,Americas,Product B,3140.87,10
2025-04-01,C323,EMEA,Product C,2736.22,7
2025-04-01,C44,EMEA,Product C,3555.96,13
2025-04-01,C288,EMEA,Product A,2287.11,3
2025-04-01,C279,Americas,Product C,3440.0,3
2025-04-01,C136,Americas,Product B,3184.18,13
2025-04-02,C305,EMEA,Product C,2405.63,8
2025-04-02,C79,Americas,Product B,4090.31,6
2025-04-02,C238,EMEA,Product C,3170.12,9
2025-04-02,C44,EMEA,Product C,1089.8,7
2025-04-02,C76,APAC,Product B,3185.12,8
2025-04-02,C210,APAC,Product A,2885.29,8
2025-04-02,C85,EMEA,Product C,2852.28,3
2025-04-02,C341,APAC,Product B,3552.33,11
2025-04-02,C218,Americas,Product A,1926.73,5
2025-04-02,C304,APAC,Product B,3750.49,12
2025-04-02,C15,Americas,Product B,1049.17,4
2025-04-02,C112,EMEA,Product A,2008.69,3
2025-04-02,C37,Americas,Product A,1971.68,14
2025-04-02,C275,APAC,Product B,1532.97,7
2025-04-02,C189,EMEA,Product A,4445.34,11
2025-04-02,C4,EMEA,Product C,3331.89,4
2025-04-02,C175,APAC,Product B,963.04,9
2025-04-03,C190,EMEA,Product C,3297.6,4
2025-04-03,C281,EMEA,Product C,2759.76,11
2025-04-03,C240,Americas,Product B,1111.7,8
2025-04-03,C346,EMEA,Product A,3198.35,1
2025-04-03,C63,APAC,Product A,3730.79,10
2025-04-03,C153,APAC,Product C,4244.13,8
2025-04-03,C282,EMEA,Product B,4402.43,3
2025-04-03,C244,Americas,Product B,3015.94,11
2025-04-03,C90,Americas,Product B,3595.2,1
2025-04-03,C75,EMEA,Product A,1068.48,5
2025-04-03,C271,APAC,Product A,738.03,7
2025-04-03,C154,Americas,Product A,1322.96,5
2025-04-03,C173,Americas,Product B,1982.92,8
2025-04-03,C48,EMEA,Product B,4036.7,6
2025-04-03,C97,Americas,Product C,976.5,11
2025-04-03,C5,Americas,Product C,4315.87,9
2025-04-03,C379,Americas,Product C,3750.5,14
2025-04-04,C100,EMEA,Product B,3321.77,8
2025-04-04,C68,Americas,Product C,1416.71,2
2025-04-04,C276,EMEA,Product A,991.92,12
2025-04-04,C176,APAC,Product A,2282.54,9
2025-04-04,C346,EMEA,Product B,404.09,2
2025-04-04,C190,EMEA,Product C,2330.93,8
2025-04-04,C288,EMEA,Product A,3455.76,10
2025-04-04,C318,Americas,Product A,2318.01,5
2025-04-04,C185,Americas,Product C,3260.4,8
2025-04-04,C41,Americas,Product C,2725.63,6
2025-04-04,C47,APAC,Product C,1431.22,7
2025-04-04,C82,Americas,Product B,2830.43,1
2025-04-04,C241,EMEA,Product C,792.67,8
2025-04-04,C371,APAC,Product B,2733.7,5
2025-04-04,C241,EMEA,Product A,4404.99,11
2025-04-04,C144,EMEA,Product B,1668.08,6
2025-04-04,C210,APAC,Product C,588.56,14
2025-04-04,C10,Americas,Product C,1778.31,14
2025-04-05,C11,APAC,Product B,2158.31,14
2025-04-05,C386,APAC,Product B,2936.84,5
2025-04-05,C129,Americas,Product C,1499.24,9
2025-04-05,C344,Americas,Product C,2240.39,3
2025-04-05,C123,EMEA,Product B,3981.07,12
2025-04-05,C17,Americas,Product B,4413.64,2
2025-04-05,C250,EMEA,Product B,1254.91,12
2025-04-05,C6,EMEA,Product A,4009.73,1
2025-04-05,C286,APAC,Product B,3561.93,10
2025-04-05,C377,Americas,Product B,558.69,3
2025-04-05,C23,Americas,Product B,3094.52,9
2025-04-05,C196,APAC,Product B,4324.6,7
2025-04-05,C259,APAC,Product B,1244.51,6
2025-04-06,C328,Americas,Product B,623.52,8
2025-04-06,C90,APAC,Product B,3212.41,5
2025-04-06,C204,EMEA,Product B,3729.26,5
2025-04-06,C196,EMEA,Product C,2285.28,9
2025-04-06,C366,Americas,Product C,3883.29,10
2025-04-06,C366,Americas,Product C,3891.63,12
2025-04-06,C394,Americas,Product B,1958.08,6
2025-04-06,C58,EMEA,Product A,930.22,11
2025-04-06,C242,EMEA,Product A,3277.68,10
2025-04-06,C188,EMEA,Product C,4329.68,7
2025-04-06,C75,EMEA,Product C,1103.34,5
2025-04-06,C167,APAC,Product A,1663.53,2
2025-04-06,C175,EMEA,Product B,1889.78,13
2025-04-06,C146,APAC,Product A,3669.0,10
2025-04-07,C67,APAC,Product B,3886.23,9
2025-04-07,C283,Americas,Product B,2758.4,2
2025-04-07,C321,APAC,Product A,497.93,13
2025-04-07,C308,Americas,Product B,4295.65,13
2025-04-07,C332,EMEA,Product C,976.04,5
2025-04-07,C365,EMEA,Product A,2891.43,13
2025-04-07,C175,APAC,Product B,2459.6,5
2025-04-07,C62,EMEA,Product C,1361.73,2
2025-04-07,C273,Americas,Product A,468.22,4
2025-04-07,C307,Americas,Product B,1628.1,10
2025-04-08,C267,APAC,Product C,1227.0,8
2025-04-08,C392,APAC,Product B,2165.69,1
2025-04-08,C375,Americas,Product C,3053.94,12
2025-04-08,C213,EMEA,Product B,1201.65,14
2025-04-08,C118,APAC,Product B,3160.2,9
2025-04-08,C29,APAC,Product B,3938.4,4
2025-04-08,C260,EMEA,Product C,2148.23,12
2025-04-08,C306,Americas,Product A,3118.79,14
2025-04-08,C250,EMEA,Product B,3696.88,13
2025-04-08,C184,Americas,Product B,1104.1,11
2025-04-08,C60,Americas,Product B,3811.81,14
2025-04-08,C231,Americas,Product A,3855.86,5
2025-04-08,C114,Americas,Product B,3149.89,6
2025-04-08,C382,APAC,Product B,3643.5,5
2025-04-08,C384,EMEA,Product A,3215.29,13
2025-04-08,C160,EMEA,Product B,3069.94,12
2025-04-08,C176,Americas,Product C,2861.45,10
2025-04-08,C258,EMEA,Product B,4486.49,3
2025-04-08,C292,EMEA,Product B,1866.68,3
2025-04-09,C343,APAC,Product C,2291.56,12
2025-04-09,C260,EMEA,Product B,539.52,12
2025-04-09,C74,EMEA,Product C,2326.14,9
2025-04-09,C23,EMEA,Product B,2521.57,13
2025-04-09,C353,Americas,Product A,1321.46,10
2025-04-09,C273,Americas,Product B,3789.91,2
2025-04-09,C272,EMEA,Product C,3866.98,10
2025-04-09,C201,APAC,Product A,1773.67,7
2025-04-10,C147,EMEA,Product C,1920.54,11
2025-04-10,C10,Americas,Product B,1360.34,8
2025-04-10,C332,APAC,Product B,612.19,9
2025-04-10,C301,APAC,Product A,3811.14,7
2025-04-10,C172,APAC,Product B,3858.51,13
2025-04-10,C247,APAC,Product C,2899.43,4
2025-04-10,C125,EMEA,Product C,2613.24,2
2025-04-10,C161,Americas,Product C,901.06,8
2025-04-10,C222,Americas,Product A,4467.49,4
2025-04-10,C118,EMEA,Product B,1511.26,7
2025-04-10,C65,EMEA,Product A,4430.47,8
2025-04-10,C67,APAC,Product B,3021.32,12
2025-04-10,C225,EMEA,Product A,1722.11,5
2025-04-10,C299,EMEA,Product A,2153.77,9
2025-04-10,C312,EMEA,Product C,2280.52,13
2025-04-10,C79,Americas,Product B,3556.84,12
2025-04-10,C9,APAC,Product C,2559.29,11
2025-04-10,C115,Americas,Product B,1831.94,13
2025-04-10,C379,Americas,Product A,1661.69,5
2025-04-11,C169,EMEA,Product B,3861.51,13
2025-04-11,C245,EMEA,Product B,1208.33,2
2025-04-11,C262,EMEA,Product B,1731.1,9
2025-04-11,C389,EMEA,Product B,3505.12,14
2025-04-11,C171,APAC,Product C,3485.72,4
2025-04-11,C267,APAC,Product A,1393.81,5
2025-04-11,C23,APAC,Product B,1680.64,5
2025-04-11,C257,Americas,Product C,1528.43,10
2025-04-11,C236,APAC,Product A,3084.91,1
2025-04-11,C24,APAC,Product B,1526.66,4
2025-04-11,C73,APAC,Product C,487.65,7
2025-04-11,C58,EMEA,Product A,4186.56,1
2025-04-11,C310,Americas,Product B,1623.83,5
2025-04-11,C353,EMEA,Product C,4132.36,6
2025-04-11,C398,APAC,Product C,516.2,1
2025-04-11,C204,APAC,Product B,884.67,11
2025-04-11,C213,EMEA,Product B,2025.06,3
2025-04-12,C188,EMEA,Product C,1857.14,7
2025-04-12,C165,APAC,Product A,4430.61,1
2025-04-12,C249,Americas,Product A,3785.23,8
2025-04-12,C87,APAC,Product C,4117.99,10
2025-04-12,C122,APAC,Product A,4435.39,3
2025-04-12,C364,APAC,Product C,3105.76,11
2025-04-12,C183,APAC,Product B,1684.28,14
2025-04-12,C208,Americas,Product B,2041.52,7
2025-04-12,C280,EMEA,Product B,606.66,10
2025-04-13,C174,Americas,Product B,2268.61,11
2025-04-13,C226,Americas,Product A,2255.22,3
2025-04-13,C257,Americas,Product C,1570.27,8
2025-04-13,C174,EMEA,Product B,2333.05,7
2025-04-13,C254,APAC,Product C,4281.91,9
2025-04-13,C322,EMEA,Product B,712.66,8
2025-04-13,C48,Americas,Product B,3046.79,9
2025-04-13,C56,EMEA,Product C,3342.49,1
2025-04-13,C383,APAC,Product C,1565.92,7
2025-04-13,C45,APAC,Product B,2234.56,2
2025-04-13,C330,APAC,Product A,1160.7,13
2025-04-13,C66,Americas,Product B,1274.32,7
2025-04-13,C319,EMEA,Product C,4325.21,13
2025-04-14,C231,Americas,Product A,3053.33,14
2025-04-14,C57,APAC,Product A,1306.97,14
2025-04-14,C180,APAC,Product B,3339.48,8
2025-04-14,C131,APAC,Product C,3549.48,8
2025-04-14,C335,EMEA,Product A,1505.33,3
2025-04-14,C234,Americas,Product A,2405.51,3
2025-04-14,C361,EMEA,Product B,4149.0,6
2025-04-14,C84,Americas,Product A,3379.37,5
2025-04-14,C154,Americas,Product C,1379.78,10
2025-04-14,C177,Americas,Product A,2602.46,12
2025-04-14,C15,Americas,Product B,4007.91,13
2025-04-14,C181,APAC,Product A,878.61,7
2025-04-14,C23,EMEA,Product C,4401.13,11
2025-04-14,C393,Americas,Product A,4350.35,7
2025-04-14,C346,EMEA,Product B,1878.6,5
2025-04-14,C368,APAC,Product B,1274.56,10
2025-04-14,C19,EMEA,Product A,3945.03,9
2025-04-14,C193,EMEA,Product C,1604.55,12
2025-04-15,C294,APAC,Product B,4063.48,1
2025-04-15,C209,APAC,Product A,3544.04,2
2025-04-15,C76,APAC,Product B,613.86,5
2025-04-15,C264,APAC,Product C,2071.33,7
2025-04-15,C292,EMEA,Product B,927.28,5
2025-04-15,C106,Americas,Product A,1593.27,6
2025-04-15,C36,EMEA,Product A,2136.56,10
2025-04-15,C222,Americas,Product C,4427.67,13
2025-04-15,C86,Americas,Product B,1354.55,12
2025-04-15,C10,Americas,Product A,4488.9,7
2025-04-16,C7,APAC,Product C,1781.41,1
2025-04-16,C126,APAC,Product A,440.17,2
2025-04-16,C366,Americas,Product B,2815.81,7
2025-04-16,C332,EMEA,Product B,4055.8,4
2025-04-16,C376,EMEA,Product C,2449.3,1
2025-04-16,C314,Americas,Product B,4213.97,14
2025-04-16,C10,Americas,Product A,545.8,5
2025-04-16,C159,EMEA,Product C,820.97,3
2025-04-16,C373,APAC,Product C,1832.74,12
2025-04-16,C363,Americas,Product A,564.29,12
2025-04-17,C105,EMEA,Product A,2004.5,2
2025-04-17,C134,APAC,Product C,2229.07,8
2025-04-17,C234,EMEA,Product C,4470.22,12
2025-04-17,C40,Americas,Product A,1911.28,9
2025-04-17,C352,EMEA,Product B,3879.44,12
2025-04-17,C97,Americas,Product C,2844.68,5
2025-04-17,C300,APAC,Product C,3444.67,8
2025-04-17,C19,EMEA,Product C,1159.12,3
2025-04-17,C297,APAC,Product A,807.96,2
2025-04-17,C327,APAC,Product B,1118.7,8
2025-04-17,C151,EMEA,Product C,1144.4,4
2025-04-17,C271,Americas,Product A,3981.76,1
2025-04-17,C369,Americas,Product B,2139.92,5
2025-04-17,C30,EMEA,Product A,1340.65,14
2025-04-17,C271,Americas,Product A,418.74,12
2025-04-17,C245,APAC,Product B,2507.7,2
2025-04-17,C190,EMEA,Product A,2968.52,3
2025-04-18,C248,Americas,Product C,1936.72,5
2025-04-18,C87,EMEA,Product C,1926.56,9
2025-04-18,C65,Americas,Product A,1124.88,1
2025-04-18,C138,Americas,Product A,2560.51,1
2025-04-18,C173,Americas,Product A,1381.75,10
2025-04-18,C28,Americas,Product A,595.59,6
2025-04-18,C117,EMEA,Product A,3083.33,6
2025-04-18,C7,APAC,Product B,2100.92,9
2025-04-18,C170,Americas,Product B,2290.0,6
2025-04-18,C246,Americas,Product A,506.37,4
2025-04-18,C39,Americas,Product B,3048.44,9
2025-04-18,C240,EMEA,Product B,3365.44,13
2025-04-18,C353,Americas,Product A,1391.94,5
2025-04-18,C244,Americas,Product B,4210.75,3
2025-04-18,C181,APAC,Product A,2426.86,2
2025-04-18,C246,Americas,Product A,2149.68,9
2025-04-19,C334,APAC,Product C,1945.58,14
2025-04-19,C143,APAC,Product B,1610.18,12
2025-04-19,C291,APAC,Product A,1807.78,1
2025-04-19,C84,Americas,Product B,2558.25,8
2025-04-19,C256,Americas,Product A,1654.87,8
2025-04-19,C204,APAC,Product B,3340.55,2
2025-04-19,C100,EMEA,Product C,2723.46,7
2025-04-19,C333,APAC,Product C,3291.98,11
2025-04-20,C372,EMEA,Product C,1798.38,12
2025-04-20,C343,APAC,Product C,1553.3,1
2025-04-20,C229,Americas,Product C,2883.54,11
2025-04-20,C97,Americas,Product C,3955.63,3
2025-04-20,C171,APAC,Product C,1793.14,9
2025-04-20,C265,Americas,Product C,3218.43,12
2025-04-20,C133,Americas,Product C,1309.31,7
2025-04-20,C6,APAC,Product A,4395.66,14
2025-04-20,C147,EMEA,Product B,3822.1,7
2025-04-20,C143,Americas,Product A,3694.02,7
2025-04-20,C208,Americas,Product B,3828.03,14
2025-04-20,C215,Americas,Product C,2535.21,9
2025-04-20,C317,EMEA,Product C,3570.83,6
2025-04-21,C139,Americas,Product A,501.64,3
2025-04-21,C279,Americas,Product C,2632.27,14
2025-04-21,C270,APAC,Product B,2996.42,9
2025-04-21,C350,APAC,Product B,1509.56,1
2025-04-21,C224,APAC,Product A,2608.25,8
2025-04-21,C119,EMEA,Product A,3796.06,13
2025-04-21,C41,Americas,Product A,3101.5,6
2025-04-21,C63,APAC,Product C,2497.22,14
2025-04-21,C77,EMEA,Product B,994.51,8
2025-04-21,C195,Americas,Product B,2636.88,1
2025-04-21,C290,Americas,Product B,4304.93,13
2025-04-21,C153,Americas,Product C,598.08,10
2025-04-21,C283,Americas,Product B,4266.82,4
2025-04-21,C27,Americas,Product C,2311.69,13
2025-04-21,C215,Americas,Product C,2197.13,7
2025-04-21,C56,EMEA,Product B,4212.82,3
2025-04-21,C174,Americas,Product C,1927.54,7
2025-04-21,C280,Americas,Product B,2738.52,8
2025-04-21,C347,APAC,Product B,2710.29,10
2025-04-22,C73,APAC,Product C,1948.49,14
2025-04-22,C39,Americas,Product B,3355.38,10
2025-04-22,C106,Americas,Product B,683.8,11
2025-04-22,C94,EMEA,Product A,3329.09,14
2025-04-22,C56,EMEA,Product C,1657.68,5
2025-04-22,C362,Americas,Product A,4352.87,4
2025-04-22,C341,APAC,Product B,2599.49,12
2025-04-22,C174,Americas,Product C,4161.5,1
2025-04-22,C243,APAC,Product A,3071.56,8
2025-04-22,C295,Americas,Product B,2321.48,10
2025-04-22,C286,APAC,Product B,3693.07,7
2025-04-22,C260,EMEA,Product A,1011.51,10
2025-04-23,C236,APAC,Product B,695.12,14
2025-04-23,C145,EMEA,Product A,2784.09,5
2025-04-23,C394,Americas,Product B,3412.09,14
2025-04-23,C253,EMEA,Product B,1906.69,9
2025-04-23,C50,APAC,Product A,4245.95,9
2025-04-23,C162,EMEA,Product A,998.01,5
2025-04-23,C141,APAC,Product C,664.06,6
2025-04-23,C30,APAC,Product C,2339.59,14
2025-04-23,C95,APAC,Product C,1876.53,2
2025-04-23,C321,APAC,Product A,1350.59,1
2025-04-23,C29,APAC,Product C,767.92,13
2025-04-23,C2,Americas,Product C,1422.87,1
2025-04-23,C52,EMEA,Product B,3479.54,8
2025-04-23,C232,Americas,Product C,3675.83,11
2025-04-23,C370,EMEA,Product B,2300.78,4
2025-04-23,C68,Americas,Product A,1383.98,7
2025-04-23,C114,Americas,Product B,747.17,11
2025-04-24,C74,EMEA,Product B,541.77,1
2025-04-24,C325,APAC,Product C,477.23,13
2025-04-24,C22,APAC,Product C,1582.63,8
2025-04-24,C10,EMEA,Product A,3538.07,11
2025-04-24,C233,APAC,Product B,851.04,4
2025-04-24,C33,Americas,Product B,1444.53,2
2025-04-24,C225,EMEA,Product A,4444.04,6
2025-04-24,C358,EMEA,Product C,2196.19,1
2025-04-25,C357,EMEA,Product A,3049.16,13
2025-04-25,C60,Americas,Product A,531.97,13
2025-04-25,C182,Americas,Product C,3779.42,14
2025-04-25,C273,Americas,Product A,1662.02,12
2025-04-25,C57,APAC,Product A,3113.91,8
2025-04-25,C322,EMEA,Product B,2831.62,2
2025-04-25,C125,EMEA,Product C,1168.17,6
2025-04-25,C341,APAC,Product B,1486.06,3
2025-04-25,C383,APAC,Product C,3125.04,7
2025-04-25,C395,Americas,Product C,3380.62,7
2025-04-25,C91,Americas,Product C,3625.4,2
2025-04-25,C163,Americas,Product C,1686.61,10
2025-04-25,C134,APAC,Product C,3171.98,4
2025-04-25,C227,Americas,Product B,2959.86,14
2025-04-25,C23,EMEA,Product B,3996.31,13
2025-04-25,C123,Americas,Product B,1020.41,8
2025-04-25,C246,Americas,Product A,1813.34,3
2025-04-25,C45,APAC,Product C,3009.04,4
2025-04-26,C236,APAC,Product A,3589.76,11
2025-04-26,C324,EMEA,Product C,4030.76,14
2025-04-26,C173,APAC,Product A,1587.72,2
2025-04-26,C113,APAC,Product C,2716.95,10
2025-04-26,C97,Americas,Product C,1090.07,7
2025-04-26,C100,EMEA,Product C,845.44,12
2025-04-26,C76,Americas,Product B,1719.45,3
2025-04-26,C361,Americas,Product B,1341.86,12
2025-04-27,C342,EMEA,Product B,1665.98,11
2025-04-27,C241,APAC,Product A,2043.1,10
2025-04-27,C35,APAC,Product B,2461.32,3
2025-04-27,C77,EMEA,Product A,532.25,2
2025-04-27,C304,APAC,Product B,2063.12,10
2025-04-27,C181,APAC,Product A,1223.13,6
2025-04-27,C388,APAC,Product A,2028.73,11
2025-04-27,C13,EMEA,Product B,1716.73,2
2025-04-27,C153,APAC,Product A,3631.27,11
2025-04-27,C279,Americas,Product C,1649.87,7
2025-04-27,C49,APAC,Product C,1804.47,13
2025-04-27,C324,EMEA,Product C,2510.12,8
2025-04-28,C73,APAC,Product C,4416.38,6
2025-04-28,C28,Americas,Product A,3243.19,3
2025-04-28,C190,EMEA,Product C,2616.86,7
2025-04-28,C23,EMEA,Product B,3843.32,3
2025-04-28,C179,APAC,Product C,2704.26,2
2025-04-28,C113,APAC,Product C,1431.88,10
2025-04-28,C307,Americas,Product B,1260.05,14
2025-04-29,C200,EMEA,Product C,2776.27,13
2025-04-29,C118,Americas,Product B,425.07,6
2025-04-29,C132,Americas,Product C,1656.61,14
2025-04-29,C341,APAC,Product C,3539.02,8
2025-04-29,C58,EMEA,Product A,3117.56,2
2025-04-29,C258,EMEA,Product B,3735.21,3
2025-04-29,C71,APAC,Product A,439.08,2
2025-04-29,C373,EMEA,Product C,2247.65,12
2025-04-29,C299,EMEA,Product A,2519.74,4
2025-04-30,C184,Americas,Product B,2831.16,9
2025-04-30,C212,EMEA,Product B,1015.48,14
2025-04-30,C183,APAC,Product B,4211.61,10
2025-04-30,C99,APAC,Product A,860.98,6
2025-04-30,C272,EMEA,Product C,4474.54,13
2025-04-30,C127,Americas,Product A,563.05,7
2025-04-30,C339,Americas,Product C,2140.18,13
2025-04-30,C339,Americas,Product C,758.99,1
2025-04-30,C62,APAC,Product C,2374.77,5
2025-04-30,C280,APAC,Product B,2315.87,4
2025-04-30,C280,APAC,Product A,3042.29,12
2025-04-30,C95,EMEA,Product A,1052.56,9
2025-04-30,C113,APAC,Product B,3299.1,4
2025-04-30,C224,Americas,Product A,4069.08,11
2025-04-30,C69,Americas,Product C,2001.23,13
2025-04-30,C238,EMEA,Product B,4181.53,5
2025-04-30,C46,APAC,Product B,3933.56,5
2025-04-30,C376,EMEA,Product C,1876.99,2
2025-04-30,C38,Americas,Product C,2041.71,14
2025-04-30,C1,APAC,Product A,1362.65,7
2025-05-01,C81,Americas,Product A,1130.9,11
2025-05-01,C332,APAC,Product B,3246.28,10
2025-05-01,C127,Americas,Product A,3731.89,14
2025-05-01,C71,EMEA,Product A,472.71,4
2025-05-01,C178,APAC,Product A,4176.99,14
2025-05-01,C200,EMEA,Product B,1005.71,7
2025-05-01,C75,EMEA,Product C,3795.81,14
2025-05-01,C180,APAC,Product B,951.96,10
2025-05-01,C59,APAC,Product C,4128.95,9
2025-05-01,C184,Americas,Product C,2306.4,13
2025-05-01,C13,EMEA,Product B,2216.68,14
2025-05-01,C80,EMEA,Product B,890.84,8
2025-05-01,C156,EMEA,Product A,597.64,1
2025-05-01,C131,APAC,Product C,842.87,10
2025-05-02,C319,EMEA,Product B,1306.48,3
2025-05-02,C200,EMEA,Product B,2079.47,14
2025-05-02,C309,EMEA,Product A,2294.33,3
2025-05-02,C331,Americas,Product B,2663.06,5
2025-05-02,C313,Americas,Product B,665.33,14
2025-05-02,C399,Americas,Product C,1790.9,5
2025-05-02,C62,APAC,Product A,1251.38,10
2025-05-02,C102,EMEA,Product A,3823.57,7
2025-05-02,C34,EMEA,Product A,4172.31,5
2025-05-02,C341,APAC,Product B,685.92,8
2025-05-02,C269,APAC,Product A,1274.8,5
2025-05-02,C223,APAC,Product A,2820.48,14
2025-05-02,C126,Americas,Product B,3251.18,4
2025-05-02,C147,APAC,Product C,2648.17,11
2025-05-02,C89,Americas,Product B,4071.03,1
2025-05-03,C102,EMEA,Product B,1462.75,10
2025-05-03,C302,APAC,Product B,2089.68,12
2025-05-03,C109,APAC,Product A,2121.9,3
2025-05-03,C391,EMEA,Product A,1353.71,12
2025-05-03,C258,EMEA,Product C,2938.7,12
2025-05-03,C394,Americas,Product B,4452.75,14
2025-05-03,C249,Americas,Product A,3686.04,2
2025-05-03,C377,APAC,Product B,593.89,7
2025-05-03,C246,APAC,Product A,1468.93,8
2025-05-03,C74,EMEA,Product A,2513.79,7
2025-05-03,C136,Americas,Product B,2920.78,7
2025-05-03,C372,APAC,Product C,646.75,9
2025-05-03,C61,APAC,Product C,4107.56,7
2025-05-03,C139,Americas,Product B,1460.58,7
2025-05-03,C227,APAC,Product B,3640.44,7
2025-05-03,C177,Americas,Product B,2780.59,6
2025-05-03,C305,EMEA,Product A,1804.79,5
2025-05-03,C51,APAC,Product B,2280.51,14
2025-05-03,C364,APAC,Product B,1376.57,5
2025-05-03,C141,Americas,Product C,2662.11,8
2025-05-03,C365,EMEA,Product A,988.24,5
2025-05-04,C377,Americas,Product A,3497.31,3
2025-05-04,C366,Americas,Product B,4477.08,13
2025-05-04,C316,Americas,Product C,2778.59,12
2025-05-04,C54,EMEA,Product B,3406.64,4
2025-05-04,C54,EMEA,Product B,1481.53,10
2025-05-04,C5,APAC,Product C,1005.57,1
2025-05-04,C170,Americas,Product B,4217.5,10
2025-05-04,C364,APAC,Product B,1732.12,10
2025-05-04,C51,APAC,Product C,1778.38,6
2025-05-04,C143,Americas,Product A,1203.47,11
2025-05-04,C244,Americas,Product B,1577.92,11
2025-05-04,C147,EMEA,Product B,4143.64,13
2025-05-05,C88,Americas,Product A,1385.43,10
2025-05-05,C73,APAC,Product C,2450.17,14
2025-05-05,C133,EMEA,Product C,1886.93,9
2025-05-05,C290,Americas,Product B,2227.94,12
2025-05-05,C359,Americas,Product C,2189.13,14
2025-05-05,C342,EMEA,Product C,2431.88,14
2025-05-05,C91,Americas,Product C,1204.04,6
2025-05-05,C197,Americas,Product B,2389.51,9
2025-05-05,C382,Americas,Product A,852.88,8
2025-05-05,C164,EMEA,Product C,3729.0,12
2025-05-05,C336,Americas,Product B,4102.6,13
2025-05-05,C254,APAC,Product C,3918.48,11
2025-05-05,C333,APAC,Product C,3747.27,1
2025-05-05,C280,APAC,Product A,3252.58,2
2025-05-05,C32,APAC,Product A,2129.21,1
2025-05-05,C189,EMEA,Product A,3373.61,14
2025-05-06,C168,Americas,Product B,1501.47,12
2025-05-06,C188,EMEA,Product A,4357.5,3
2025-05-06,C339,Americas,Product C,2647.64,10
2025-05-06,C368,APAC,Product C,4274.5,3
2025-05-06,C63,EMEA,Product C,3584.39,6
2025-05-06,C378,APAC,Product A,818.27,6
2025-05-06,C2,EMEA,Product C,2274.94,11
2025-05-06,C199,Americas,Product B,3928.19,10
2025-05-06,C293,APAC,Product A,3068.36,11
2025-05-06,C358,APAC,Product B,950.17,3
2025-05-06,C133,EMEA,Product A,4196.48,7
2025-05-06,C228,APAC,Product B,1804.1,10
2025-05-06,C16,Americas,Product C,3575.58,8
2025-05-07,C294,APAC,Product B,993.74,3
2025-05-07,C212,APAC,Product B,1974.26,9
2025-05-07,C115,APAC,Product B,2252.33,6
2025-05-07,C227,APAC,Product B,4283.21,7
2025-05-07,C280,APAC,Product B,1961.06,8
2025-05-07,C143,Americas,Product C,3670.4,4
2025-05-07,C307,Americas,Product B,3807.35,1
2025-05-07,C250,EMEA,Product B,473.85,3
2025-05-07,C9,APAC,Product C,2813.42,9
2025-05-07,C165,APAC,Product A,3054.3,14
2025-05-08,C237,APAC,Product C,4462.03,3
2025-05-08,C378,APAC,Product A,2800.5,4
2025-05-08,C226,EMEA,Product B,3350.76,6
2025-05-08,C22,APAC,Product C,3655.4,5
2025-05-08,C222,Americas,Product A,2199.21,10
2025-05-08,C66,Americas,Product A,1069.19,9
2025-05-08,C325,APAC,Product B,1722.15,2
2025-05-08,C124,APAC,Product A,3003.64,10
2025-05-08,C218,Americas,Product C,1060.15,12
2025-05-08,C286,APAC,Product C,4193.84,5
2025-05-08,C396,EMEA,Product C,575.49,13
2025-05-08,C237,APAC,Product A,4301.22,8
2025-05-08,C76,APAC,Product A,456.01,14
2025-05-09,C180,EMEA,Product B,2963.82,14
2025-05-09,C253,EMEA,Product B,4105.19,6
2025-05-09,C55,Americas,Product C,2891.67,6
2025-05-09,C231,Americas,Product C,794.6,3
2025-05-09,C251,APAC,Product C,721.13,2
2025-05-09,C66,EMEA,Product B,2648.86,10
2025-05-09,C240,Americas,Product C,2115.1,13
2025-05-09,C364,APAC,Product B,1807.98,11
2025-05-09,C309,EMEA,Product C,1067.14,10
2025-05-09,C120,EMEA,Product C,2489.75,14
2025-05-09,C119,EMEA,Product A,2662.98,6
2025-05-09,C259,EMEA,Product A,2743.57,9
2025-05-09,C206,EMEA,Product B,2370.39,13
2025-05-09,C255,APAC,Product C,583.61,8
2025-05-09,C365,EMEA,Product A,3084.99,7
2025-05-09,C80,EMEA,Product C,3006.92,5
2025-05-10,C220,APAC,Product B,3706.44,5
2025-05-10,C55,Americas,Product A,2987.39,13
2025-05-10,C125,EMEA,Product A,1685.93,13
2025-05-10,C217,EMEA,Product B,2528.22,1
2025-05-10,C153,EMEA,Product A,3071.79,12
2025-05-10,C188,EMEA,Product C,3510.16,12
2025-05-10,C292,EMEA,Product B,3006.31,11
2025-05-10,C156,EMEA,Product A,2578.26,5
2025-05-10,C369,Americas,Product C,4342.9,1
2025-05-10,C34,EMEA,Product A,1217.12,9
2025-05-10,C96,Americas,Product C,2787.52,11
2025-05-10,C344,Americas,Product A,1948.99,9
2025-05-10,C298,APAC,Product C,464.63,11
2025-05-10,C197,Americas,Product A,900.57,11
2025-05-10,C254,APAC,Product C,3092.8,12
2025-05-10,C82,Americas,Product C,3287.98,10
2025-05-10,C299,EMEA,Product A,4405.61,7
2025-05-10,C123,Americas,Product B,2939.28,12
2025-05-11,C30,EMEA,Product C,1360.5,6
2025-05-11,C350,Americas,Product B,1744.71,5
2025-05-11,C66,Americas,Product B,2198.53,12
2025-05-11,C340,EMEA,Product A,2730.04,5
2025-05-11,C76,APAC,Product B,4022.88,8
2025-05-11,C171,APAC,Product A,1868.77,5
2025-05-11,C133,EMEA,Product C,1590.65,10
2025-05-11,C197,Americas,Product B,561.45,7
2025-05-11,C59,Americas,Product C,3591.44,7
2025-05-11,C224,Americas,Product A,2948.09,10
2025-05-11,C245,EMEA,Product A,2008.19,1
2025-05-11,C360,EMEA,Product C,1664.61,9
2025-05-11,C392,APAC,Product A,787.35,7
2025-05-11,C248,Americas,Product C,3800.52,3
2025-05-11,C367,Americas,Product A,1613.78,5
2025-05-11,C363,Americas,Product A,1177.86,6
2025-05-11,C159,EMEA,Product B,595.36,8
2025-05-11,C255,APAC,Product C,3872.06,3
2025-05-11,C24,APAC,Product C,3064.46,7
2025-05-11,C175,APAC,Product B,3980.2,4
2025-05-12,C196,APAC,Product B,2625.48,7
2025-05-12,C298,EMEA,Product C,1881.92,11
2025-05-12,C367,Americas,Product A,453.69,5
2025-05-12,C345,Americas,Product A,4340.4,5
2025-05-12,C377,Americas,Product A,3333.71,1
2025-05-12,C286,APAC,Product B,3631.67,3
2025-05-12,C44,EMEA,Product C,3867.53,6
2025-05-12,C390,EMEA,Product C,3374.94,7
2025-05-12,C222,Americas,Product A,3356.83,9
2025-05-12,C376,EMEA,Product C,514.32,7
2025-05-12,C352,Americas,Product B,1111.61,3
2025-05-12,C282,EMEA,Product B,901.72,12
2025-05-12,C347,APAC,Product B,3452.67,5
2025-05-13,C302,APAC,Product B,1148.93,7
2025-05-13,C168,APAC,Product C,4329.55,6
2025-05-13,C233,APAC,Product B,2473.73,6
2025-05-13,C129,Americas,Product A,782.35,3
2025-05-13,C317,EMEA,Product C,2591.54,2
2025-05-13,C361,EMEA,Product B,3517.32,14
2025-05-13,C243,EMEA,Product A,3932.69,5
2025-05-13,C268,Americas,Product B,1593.49,14
2025-05-13,C189,EMEA,Product A,1398.52,12
2025-05-13,C133,EMEA,Product A,3460.47,4
2025-05-13,C118,Americas,Product B,3681.41,6
2025-05-13,C22,APAC,Product C,2353.26,14
2025-05-14,C326,APAC,Product A,1278.18,2
2025-05-14,C117,EMEA,Product C,2842.91,8
2025-05-14,C382,EMEA,Product C,3379.65,2
2025-05-14,C224,Americas,Product A,1957.21,13
2025-05-14,C142,APAC,Product B,4120.17,14
2025-05-14,C188,APAC,Product C,1226.54,9
2025-05-14,C194,APAC,Product B,1890.56,6
2025-05-14,C177,APAC,Product B,1434.22,9
2025-05-14,C265,Americas,Product C,1528.28,7
2025-05-14,C277,EMEA,Product C,2466.41,4
2025-05-14,C50,APAC,Product A,1669.95,11
2025-05-14,C224,Americas,Product B,4109.37,14
2025-05-14,C362,Americas,Product B,4486.11,6
2025-05-14,C280,APAC,Product B,2216.83,14
2025-05-14,C319,EMEA,Product C,3936.68,6
2025-05-14,C113,APAC,Product A,3723.76,13
2025-05-14,C221,APAC,Product B,1363.94,2
2025-05-14,C174,Americas,Product B,1513.65,9
2025-05-14,C91,Americas,Product C,1453.58,12
2025-05-14,C359,Americas,Product C,1917.93,13
2025-05-15,C8,EMEA,Product A,911.67,1
2025-05-15,C154,Americas,Product C,3881.9,11
2025-05-15,C242,EMEA,Product C,2849.39,6
2025-05-15,C183,APAC,Product B,3018.96,13
2025-05-15,C238,APAC,Product B,2243.71,13
2025-05-15,C394,Americas,Product C,4060.79,5
2025-05-15,C364,APAC,Product B,3203.32,1
2025-05-15,C182,Americas,Product A,1797.24,9
2025-05-15,C33,Americas,Product B,1447.78,13
2025-05-15,C138,EMEA,Product A,3034.84,3
2025-05-15,C246,Americas,Product A,3190.48,10
2025-05-15,C216,APAC,Product B,1274.2,14
2025-05-15,C91,Americas,Product C,4392.01,3
2025-05-15,C285,Americas,Product B,1565.03,5
2025-05-16,C323,EMEA,Product C,698.2,8
2025-05-16,C329,Americas,Product A,2295.22,4
2025-05-16,C332,EMEA,Product B,2775.77,12
2025-05-16,C308,Americas,Product B,2562.78,11
2025-05-16,C162,EMEA,Product B,2641.71,8
2025-05-16,C182,Americas,Product C,707.45,11
2025-05-16,C8,APAC,Product C,3056.5,5
2025-05-16,C90,APAC,Product C,1418.81,11
2025-05-16,C50,APAC,Product A,1884.2,8
2025-05-16,C314,EMEA,Product A,2642.14,2
2025-05-17,C216,APAC,Product B,666.98,2
2025-05-17,C326,Americas,Product A,1261.96,10
2025-05-17,C396,APAC,Product C,2357.98,7
2025-05-17,C184,Americas,Product C,4013.98,3
2025-05-17,C211,Americas,Product A,4486.19,9
2025-05-17,C282,EMEA,Product B,2481.12,1
2025-05-17,C381,EMEA,Product C,1021.5,5
2025-05-17,C243,Americas,Product C,1379.21,12
2025-05-17,C342,APAC,Product C,1491.41,8
2025-05-17,C304,APAC,Product B,1737.56,12
2025-05-17,C183,APAC,Product A,2178.2,1
2025-05-17,C238,EMEA,Product A,1614.49,1
2025-05-17,C22,APAC,Product C,2797.98,1
2025-05-17,C233,Americas,Product C,3250.26,3
2025-05-17,C5,APAC,Product C,1606.52,1
2025-05-17,C92,EMEA,Product B,2063.09,7
2025-05-18,C400,Americas,Product B,1941.6,8
2025-05-18,C232,Americas,Product A,2176.78,9
2025-05-18,C37,Americas,Product A,2537.3,9
2025-05-18,C60,EMEA,Product A,1430.78,7
2025-05-18,C348,Americas,Product B,2903.67,4
2025-05-18,C58,APAC,Product C,3749.11,13
2025-05-18,C82,Americas,Product B,2926.81,6
2025-05-18,C249,Americas,Product C,3170.26,7
2025-05-18,C291,Americas,Product A,3122.13,12
2025-05-18,C250,EMEA,Product B,2624.16,9
2025-05-18,C168,APAC,Product C,791.23,5
2025-05-18,C106,Americas,Product B,4211.26,6
2025-05-18,C159,EMEA,Product C,1606.36,7
2025-05-18,C257,Americas,Product C,1765.62,14
2025-05-18,C311,Americas,Product B,2302.16,13
2025-05-18,C313,Americas,Product B,1970.2,5
2025-05-18,C194,EMEA,Product B,2089.43,2
2025-05-19,C116,Americas,Product C,2143.91,13
2025-05-19,C143,Americas,Product A,2435.59,3
2025-05-19,C92,APAC,Product B,2609.46,9
2025-05-19,C399,Americas,Product B,1833.02,13
2025-05-19,C244,Americas,Product B,3503.87,14
2025-05-19,C393,Americas,Product B,4393.9,12
2025-05-19,C13,EMEA,Product A,2691.23,3
2025-05-19,C182,Americas,Product C,3549.7,10
2025-05-19,C244,Americas,Product A,1487.1,12
2025-05-19,C23,EMEA,Product B,1819.75,12
2025-05-19,C326,Americas,Product A,496.33,5
2025-05-19,C324,EMEA,Product C,2487.06,14
2025-05-19,C364,APAC,Product A,2734.14,14
2025-05-19,C40,Americas,Product A,3057.35,13
2025-05-20,C342,Americas,Product C,3812.68,11
2025-05-20,C129,EMEA,Product B,1067.63,1
2025-05-20,C211,Americas,Product B,638.88,14
2025-05-20,C9,APAC,Product A,2851.88,9
2025-05-20,C104,APAC,Product C,3517.5,11
2025-05-20,C208,Americas,Product B,1263.42,3
2025-05-20,C121,Americas,Product A,3474.32,7
2025-05-20,C268,Americas,Product B,1931.58,10
2025-05-20,C392,APAC,Product A,3740.98,7
2025-05-20,C257,Americas,Product A,434.24,3
2025-05-20,C198,APAC,Product A,3875.5,13
2025-05-20,C105,EMEA,Product C,2954.72,11
2025-05-20,C132,Americas,Product C,1478.23,14
2025-05-20,C128,Americas,Product A,2059.01,8
2025-05-20,C319,EMEA,Product A,4239.86,2
2025-05-20,C33,APAC,Product B,1114.49,2
2025-05-20,C317,APAC,Product B,824.66,6
2025-05-21,C8,Americas,Product A,2190.72,2
2025-05-21,C11,APAC,Product A,2183.27,10
2025-05-21,C272,EMEA,Product B,515.44,11
2025-05-21,C83,APAC,Product C,2841.69,9
2025-05-21,C265,Americas,Product C,2251.8,8
2025-05-21,C202,EMEA,Product B,2076.79,11
2025-05-21,C208,Americas,Product B,2459.15,11
2025-05-21,C153,APAC,Product A,2700.14,7
2025-05-21,C185,EMEA,Product C,3200.04,9
2025-05-21,C124,EMEA,Product B,2328.15,10
2025-05-21,C126,APAC,Product B,2432.68,14
2025-05-21,C398,EMEA,Product C,1517.91,9
2025-05-21,C144,EMEA,Product B,2749.01,8
2025-05-21,C244,Americas,Product A,1476.71,1
2025-05-21,C198,APAC,Product C,3388.23,8
2025-05-22,C40,Americas,Product A,1168.19,3
2025-05-22,C8,EMEA,Product A,1520.88,12
2025-05-22,C245,EMEA,Product B,3687.39,10
2025-05-22,C266,APAC,Product B,1301.88,9
2025-05-22,C175,APAC,Product B,767.17,8
2025-05-22,C143,Americas,Product A,713.13,2
2025-05-22,C359,Americas,Product C,2526.84,2
2025-05-22,C85,EMEA,Product C,3742.05,7
2025-05-22,C55,Americas,Product B,1500.41,2
2025-05-22,C238,EMEA,Product C,3560.01,13
2025-05-22,C73,APAC,Product B,4031.34,4
2025-05-22,C65,Americas,Product C,3227.17,7
2025-05-22,C341,APAC,Product B,3404.89,14
2025-05-22,C229,EMEA,Product B,494.59,14
2025-05-22,C295,Americas,Product C,3455.83,9
2025-05-22,C101,EMEA,Product A,2003.54,6
2025-05-22,C134,APAC,Product A,3830.56,9
2025-05-23,C261,APAC,Product B,2316.89,4
2025-05-23,C312,EMEA,Product C,1220.25,11
2025-05-23,C152,EMEA,Product C,4373.81,2
2025-05-23,C337,EMEA,Product B,3808.94,5
2025-05-23,C65,Americas,Product C,1856.76,9
2025-05-23,C214,EMEA,Product B,548.98,2
2025-05-23,C112,EMEA,Product A,2987.19,1
2025-05-23,C236,APAC,Product B,2819.67,9
2025-05-23,C261,APAC,Product B,1912.6,11
2025-05-23,C34,EMEA,Product A,2973.18,1
2025-05-23,C153,APAC,Product A,4268.69,6
2025-05-23,C107,APAC,Product C,1805.39,6
2025-05-23,C167,EMEA,Product C,928.33,2
2025-05-24,C381,EMEA,Product C,788.21,1
2025-05-24,C87,APAC,Product C,3061.81,13
2025-05-24,C49,APAC,Product B,453.82,6
2025-05-24,C298,APAC,Product B,2612.12,8
2025-05-24,C56,EMEA,Product A,2461.13,14
2025-05-24,C239,EMEA,Product C,483.15,6
2025-05-24,C31,EMEA,Product B,2996.01,8
2025-05-24,C10,Americas,Product A,3809.79,11
2025-05-24,C207,EMEA,Product B,2476.35,10
2025-05-24,C354,Americas,Product A,1297.89,11
2025-05-24,C395,Americas,Product C,567.68,1
2025-05-24,C232,Americas,Product C,3296.51,13
2025-05-24,C276,EMEA,Product C,2048.03,7
2025-05-24,C397,Americas,Product A,554.87,1
2025-05-24,C231,EMEA,Product B,3091.18,9
2025-05-24,C197,Americas,Product B,2044.94,12
2025-05-24,C189,APAC,Product B,1689.78,10
2025-05-25,C250,EMEA,Product C,1850.13,3
2025-05-25,C265,Americas,Product C,2142.28,4
2025-05-25,C161,APAC,Product C,1834.96,8
2025-05-25,C6,APAC,Product A,2967.8,13
2025-05-25,C190,EMEA,Product C,856.86,3
2025-05-25,C286,APAC,Product B,1180.94,4
2025-05-25,C286,APAC,Product B,3006.79,9
2025-05-25,C106,Americas,Product B,3348.9,8
2025-05-25,C246,Americas,Product C,2325.21,4
2025-05-25,C306,EMEA,Product C,1224.13,4
2025-05-25,C376,EMEA,Product A,2931.16,6
2025-05-26,C211,Americas,Product B,2731.74,12
2025-05-26,C305,EMEA,Product A,4082.98,1
2025-05-26,C179,Americas,Product C,976.51,6
2025-05-26,C4,EMEA,Product C,2618.52,10
2025-05-26,C6,APAC,Product C,1977.02,1
2025-05-26,C157,Americas,Product B,3406.75,3
2025-05-26,C150,Americas,Product B,1430.2,2
2025-05-26,C79,Americas,Product B,1250.15,3
2025-05-26,C395,APAC,Product C,3213.29,7
2025-05-26,C223,APAC,Product A,2848.32,14
2025-05-26,C88,Americas,Product B,3310.41,14
2025-05-26,C116,Americas,Product C,4274.32,2
2025-05-26,C10,Americas,Product C,2265.44,8
2025-05-26,C21,Americas,Product B,2562.04,9
2025-05-26,C272,EMEA,Product C,591.32,9
2025-05-26,C35,Americas,Product C,4183.75,11
2025-05-26,C109,APAC,Product C,2280.59,7
2025-05-27,C8,EMEA,Product A,890.98,5
2025-05-27,C326,Americas,Product B,3281.24,11
2025-05-27,C398,APAC,Product C,3411.08,3
2025-05-27,C183,APAC,Product C,4438.33,6
2025-05-27,C254,APAC,Product C,1124.78,7
2025-05-27,C341,APAC,Product B,697.12,6
2025-05-27,C187,APAC,Product B,3586.19,13
2025-05-27,C206,APAC,Product B,3340.76,3
2025-05-27,C125,EMEA,Product C,1658.13,13
2025-05-27,C44,EMEA,Product C,1782.69,12
2025-05-27,C160,Americas,Product B,1334.05,6
2025-05-27,C26,EMEA,Product A,1263.83,9
2025-05-27,C17,Americas,Product C,599.53,6
2025-05-27,C21,Americas,Product C,751.97,7
2025-05-28,C203,EMEA,Product C,2758.96,13
2025-05-28,C119,EMEA,Product A,1252.64,4
2025-05-28,C361,EMEA,Product A,3010.85,7
2025-05-28,C311,Americas,Product C,487.48,3
2025-05-28,C136,Americas,Product C,2870.19,13
2025-05-28,C159,EMEA,Product A,4148.17,13
2025-05-28,C189,EMEA,Product A,3999.05,6
2025-05-28,C282,EMEA,Product C,4398.22,5
2025-05-28,C234,EMEA,Product A,1320.1,4
2025-05-28,C257,Americas,Product C,2648.61,2
2025-05-28,C4,EMEA,Product B,1434.37,6
2025-05-28,C10,Americas,Product A,3041.57,1
2025-05-28,C292,EMEA,Product A,3291.11,6
2025-05-28,C173,Americas,Product B,1028.71,3
2025-05-28,C330,APAC,Product A,3861.09,14
2025-05-28,C34,APAC,Product A,2562.37,11
2025-05-29,C159,EMEA,Product A,2372.8,4
2025-05-29,C168,APAC,Product C,3961.56,6
2025-05-29,C244,Americas,Product C,3442.99,9
2025-05-29,C209,APAC,Product A,787.39,3
2025-05-29,C332,EMEA,Product B,2654.48,5
2025-05-29,C209,APAC,Product A,2284.53,14
2025-05-29,C262,APAC,Product B,1129.5,1
2025-05-29,C282,EMEA,Product B,4015.73,5
2025-05-29,C111,EMEA,Product C,1273.27,12
2025-05-29,C280,APAC,Product B,4297.02,1
2025-05-29,C64,EMEA,Product C,2764.1,2
2025-05-29,C229,Americas,Product B,2436.08,2
2025-05-29,C55,Americas,Product B,1154.65,10
2025-05-30,C79,APAC,Product B,2901.62,1
2025-05-30,C117,EMEA,Product C,3274.38,1
2025-05-30,C357,EMEA,Product A,1193.55,8
2025-05-30,C258,EMEA,Product B,2481.33,11
2025-05-30,C83,APAC,Product C,2553.91,9
2025-05-30,C294,Americas,Product C,3056.59,14
2025-05-30,C165,APAC,Product A,3790.59,10
2025-05-30,C193,APAC,Product C,2963.24,7
2025-05-30,C203,EMEA,Product A,2480.01,4
2025-05-30,C136,Americas,Product B,1646.37,1
2025-05-30,C218,Americas,Product C,2358.78,10
2025-05-30,C232,Americas,Product A,4408.91,2
2025-05-30,C371,APAC,Product B,4102.53,12
2025-05-30,C133,EMEA,Product A,4249.97,1
2025-05-30,C323,EMEA,Product C,2973.53,9
2025-05-30,C372,Americas,Product C,2967.48,6
2025-05-31,C303,Americas,Product C,2561.56,9
2025-05-31,C298,APAC,Product A,4080.98,5
2025-05-31,C131,APAC,Product A,2767.03,2
2025-05-31,C8,EMEA,Product A,2464.29,7
2025-05-31,C169,EMEA,Product A,4432.52,8
2025-05-31,C319,EMEA,Product B,672.0,10
2025-05-31,C139,APAC,Product B,2645.21,12
2025-06-01,C257,Americas,Product C,1771.28,8
2025-06-01,C58,EMEA,Product A,3737.18,2
2025-06-01,C352,EMEA,Product C,1412.58,4
2025-06-01,C8,APAC,Product A,4136.1,5
2025-06-01,C277,EMEA,Product C,1472.51,9
2025-06-01,C132,Americas,Product A,3582.71,4
2025-06-01,C243,EMEA,Product A,4214.5,5
2025-06-01,C317,EMEA,Product B,1739.23,7
2025-06-01,C241,EMEA,Product C,3700.54,4
2025-06-01,C343,APAC,Product C,4023.33,11
2025-06-01,C317,EMEA,Product B,2287.18,4
2025-06-01,C65,Americas,Product A,4195.57,2
2025-06-01,C267,APAC,Product C,2921.36,5
2025-06-01,C191,APAC,Product A,1837.98,12
2025-06-01,C373,Americas,Product A,3223.33,10
2025-06-01,C271,Americas,Product A,3795.47,4
2025-06-01,C132,APAC,Product C,4446.84,13
2025-06-02,C307,Americas,Product A,1380.3,12
2025-06-02,C77,EMEA,Product B,4198.98,13
2025-06-02,C64,EMEA,Product B,974.13,2
2025-06-02,C332,EMEA,Product B,1313.54,4
2025-06-02,C74,EMEA,Product B,1113.16,13
2025-06-02,C167,EMEA,Product C,2628.06,12
2025-06-02,C291,Americas,Product C,3740.56,7
2025-06-02,C35,APAC,Product B,1853.47,3
2025-06-02,C122,APAC,Product A,3691.03,12
2025-06-02,C400,Americas,Product C,497.11,11
2025-06-03,C294,APAC,Product B,3699.53,8
2025-06-03,C33,EMEA,Product B,1378.02,5
2025-06-03,C34,EMEA,Product A,3661.84,4
2025-06-03,C35,APAC,Product A,3461.25,10
2025-06-03,C139,APAC,Product B,1257.89,9
2025-06-03,C398,APAC,Product C,3512.8,9
2025-06-03,C398,APAC,Product C,1471.46,14
2025-06-03,C261,APAC,Product C,4180.21,3
2025-06-03,C50,APAC,Product C,3798.09,7
2025-06-03,C176,Americas,Product C,3543.03,1
2025-06-03,C82,Americas,Product B,1562.77,7
2025-06-03,C336,Americas,Product A,3737.94,3
2025-06-03,C51,APAC,Product B,544.63,4
2025-06-03,C183,APAC,Product B,3132.47,9
2025-06-03,C100,EMEA,Product C,3576.28,14
2025-06-04,C116,APAC,Product B,892.73,11
2025-06-04,C89,EMEA,Product B,2638.91,7
2025-06-04,C209,APAC,Product A,690.57,2
2025-06-04,C88,Americas,Product A,706.36,4
2025-06-04,C141,APAC,Product A,2090.02,10
2025-06-04,C77,EMEA,Product B,1488.09,14
2025-06-04,C225,EMEA,Product A,3746.37,10
2025-06-04,C109,APAC,Product C,4323.66,12
2025-06-04,C126,Americas,Product C,3213.49,7
2025-06-04,C298,APAC,Product C,3195.76,10
2025-06-04,C219,EMEA,Product B,2651.45,14
2025-06-04,C271,Americas,Product C,1506.23,2
2025-06-04,C152,EMEA,Product B,3825.73,10
2025-06-04,C34,EMEA,Product B,2965.87,1
2025-06-05,C289,Americas,Product C,468.28,10
2025-06-05,C397,Americas,Product B,3740.43,12
2025-06-05,C104,APAC,Product B,1610.87,7
2025-06-05,C372,APAC,Product A,3044.24,3
2025-06-05,C256,Americas,Product A,1614.6,1
2025-06-05,C50,APAC,Product A,4461.91,11
2025-06-05,C18,APAC,Product B,3229.72,9
2025-06-05,C119,EMEA,Product A,3284.58,3
2025-06-05,C352,EMEA,Product A,3259.29,10
2025-06-05,C180,APAC,Product C,1934.64,7
2025-06-05,C228,APAC,Product A,603.22,11
2025-06-05,C176,Americas,Product C,1538.16,7
2025-06-05,C147,EMEA,Product C,2368.1,14
2025-06-06,C142,APAC,Product C,971.95,6
2025-06-06,C24,APAC,Product C,3204.06,3
2025-06-06,C316,Americas,Product C,4096.02,8
2025-06-06,C26,EMEA,Product A,1100.37,6
2025-06-06,C346,EMEA,Product A,1979.02,3
2025-06-06,C133,EMEA,Product A,1088.41,12
2025-06-06,C311,Americas,Product C,3372.5,4
2025-06-06,C246,APAC,Product A,3320.41,2
2025-06-06,C84,Americas,Product B,1661.74,5
2025-06-06,C316,Americas,Product C,4136.15,10
2025-06-06,C221,EMEA,Product A,1202.53,2
2025-06-06,C251,APAC,Product C,3860.23,1
2025-06-06,C109,Americas,Product B,2767.3,6
2025-06-06,C325,APAC,Product C,1839.48,10
2025-06-06,C327,APAC,Product B,1013.48,3
2025-06-07,C365,EMEA,Product C,2276.83,1
2025-06-07,C197,Americas,Product A,2772.94,8
2025-06-07,C68,Americas,Product A,3714.86,9
2025-06-07,C106,EMEA,Product B,3947.18,11
2025-06-07,C119,EMEA,Product A,4219.49,8
2025-06-07,C294,EMEA,Product A,3507.64,14
2025-06-07,C375,Americas,Product C,1796.71,5
2025-06-07,C26,EMEA,Product C,1764.27,2
2025-06-07,C179,Americas,Product C,2708.12,9
2025-06-07,C202,EMEA,Product B,3977.17,14
2025-06-07,C206,APAC,Product B,3137.72,5
2025-06-07,C75,EMEA,Product C,4313.99,14
2025-06-07,C379,Americas,Product A,2519.04,9
2025-06-07,C207,EMEA,Product A,2526.09,3
2025-06-07,C154,Americas,Product C,2988.9,9
2025-06-07,C11,APAC,Product B,1364.34,2
2025-06-08,C216,APAC,Product B,3273.62,13
2025-06-08,C87,Americas,Product C,789.63,8
2025-06-08,C44,Americas,Product C,4062.0,3
2025-06-08,C100,EMEA,Product C,4398.6,3
2025-06-08,C187,APAC,Product C,2499.72,11
2025-06-08,C208,Americas,Product B,2723.85,4
2025-06-08,C281,EMEA,Product A,3419.59,3
2025-06-08,C140,APAC,Product A,994.5,2
2025-06-08,C229,EMEA,Product C,3853.55,9
2025-06-08,C202,EMEA,Product B,2289.43,13
2025-06-08,C263,Americas,Product A,949.02,4
2025-06-08,C49,APAC,Product C,2507.55,10
2025-06-09,C204,APAC,Product B,3918.26,2
2025-06-09,C335,APAC,Product C,2588.14,13
2025-06-09,C281,Americas,Product A,2102.47,4
2025-06-09,C127,Americas,Product A,1879.31,1
2025-06-09,C248,Americas,Product C,3074.57,9
2025-06-09,C286,APAC,Product A,2276.34,3
2025-06-09,C295,Americas,Product B,2520.55,12
2025-06-09,C154,Americas,Product C,622.04,2
2025-06-09,C288,EMEA,Product A,1279.05,9
2025-06-09,C30,EMEA,Product C,2595.91,10
2025-06-09,C330,APAC,Product A,1076.57,2
2025-06-09,C21,EMEA,Product B,1337.38,4
2025-06-09,C160,EMEA,Product C,546.88,14
2025-06-09,C98,Americas,Product B,673.24,8
2025-06-09,C216,APAC,Product B,3789.29,6
2025-06-09,C367,Americas,Product A,4366.44,3
2025-06-09,C250,EMEA,Product B,811.37,7
2025-06-09,C14,Americas,Product C,4419.44,11
2025-06-10,C45,APAC,Product B,3514.1,8
2025-06-10,C296,APAC,Product C,2937.34,8
2025-06-10,C107,APAC,Product C,4266.13,13
2025-06-10,C8,EMEA,Product A,2410.04,14
2025-06-10,C54,EMEA,Product A,3591.86,12
2025-06-10,C338,Americas,Product A,952.9,3
2025-06-10,C371,APAC,Product C,1086.97,7
2025-06-10,C63,APAC,Product A,2290.03,13
2025-06-10,C33,Americas,Product B,3920.59,9
2025-06-10,C71,EMEA,Product A,1920.72,3
2025-06-10,C217,APAC,Product A,1952.68,14
2025-06-10,C189,EMEA,Product A,2695.63,1
2025-06-10,C230,EMEA,Product C,2682.81,6
2025-06-10,C234,EMEA,Product A,731.91,10
2025-06-10,C236,APAC,Product A,4344.26,14
2025-06-10,C105,EMEA,Product B,3493.48,7
2025-06-10,C130,Americas,Product B,2850.23,7
2025-06-11,C16,Americas,Product C,1107.04,7
2025-06-11,C361,EMEA,Product B,1822.85,2
2025-06-11,C285,Americas,Product B,1214.15,1
2025-06-11,C254,APAC,Product C,3527.35,7
2025-06-11,C208,Americas,Product B,2195.64,8
2025-06-11,C320,APAC,Product A,2930.39,3
2025-06-11,C31,EMEA,Product C,3177.92,6
2025-06-11,C331,Americas,Product B,1799.23,11
2025-06-11,C318,EMEA,Product A,2692.71,12
2025-06-11,C228,Americas,Product A,2378.95,3
2025-06-11,C343,APAC,Product C,2886.73,13
2025-06-11,C69,APAC,Product C,1859.05,11
2025-06-11,C79,Americas,Product B,705.82,6
2025-06-11,C56,EMEA,Product C,1468.88,3
2025-06-11,C205,Americas,Product B,3567.16,4
2025-06-12,C257,Americas,Product C,480.83,8
2025-06-12,C82,Americas,Product B,2493.48,10
2025-06-12,C286,APAC,Product B,2729.73,13
2025-06-12,C42,EMEA,Product A,2536.76,9
2025-06-12,C132,Americas,Product C,2278.9,2
2025-06-12,C28,Americas,Product A,2816.85,11
2025-06-12,C231,Americas,Product C,2457.03,2
2025-06-12,C207,Americas,Product A,4000.78,1
2025-06-13,C182,APAC,Product C,1967.34,6
2025-06-13,C335,APAC,Product C,2330.68,2
2025-06-13,C82,Americas,Product B,2762.67,6
2025-06-13,C338,Americas,Product A,1575.06,5
2025-06-13,C125,EMEA,Product C,2699.2,1
2025-06-13,C338,Americas,Product A,437.93,12
2025-06-13,C248,Americas,Product A,2114.15,6
2025-06-13,C357,EMEA,Product B,4066.86,3
2025-06-13,C164,EMEA,Product C,2956.61,3
2025-06-14,C280,APAC,Product B,1951.03,5
2025-06-14,C150,EMEA,Product C,604.63,9
2025-06-14,C41,Americas,Product C,4275.44,14
2025-06-14,C147,EMEA,Product C,4281.45,5
2025-06-14,C176,Americas,Product C,1002.57,5
2025-06-14,C386,APAC,Product C,2098.78,12
2025-06-14,C36,APAC,Product C,3054.64,11
2025-06-14,C255,APAC,Product C,926.79,13
2025-06-14,C377,Americas,Product A,1998.04,12
2025-06-14,C361,EMEA,Product B,1003.98,11
2025-06-14,C126,APAC,Product B,3331.37,4
2025-06-14,C162,Americas,Product A,1323.15,5
2025-06-14,C330,Americas,Product A,2803.47,9
2025-06-14,C389,Americas,Product C,1896.78,5
2025-06-14,C70,Americas,Product B,2451.73,6
2025-06-15,C317,EMEA,Product C,2692.89,7
2025-06-15,C249,Americas,Product C,755.46,9
2025-06-15,C218,Americas,Product A,3673.21,11
2025-06-15,C275,APAC,Product A,3730.9,6
2025-06-15,C175,EMEA,Product B,3217.5,4
2025-06-15,C133,EMEA,Product C,2656.77,10
2025-06-15,C112,EMEA,Product A,3852.94,11
2025-06-15,C137,Americas,Product B,1314.68,11
2025-06-15,C37,Americas,Product A,526.97,4
2025-06-15,C301,APAC,Product A,2796.03,6
2025-06-15,C377,Americas,Product A,600.54,3
2025-06-15,C64,EMEA,Product B,858.32,7
2025-06-16,C26,EMEA,Product A,515.48,7
2025-06-16,C396,EMEA,Product B,3442.47,11
2025-06-16,C64,APAC,Product C,3086.17,10
2025-06-16,C45,APAC,Product B,1586.38,14
2025-06-16,C141,EMEA,Product B,768.37,10
2025-06-16,C148,APAC,Product A,3207.71,9
2025-06-16,C318,Americas,Product A,1283.24,8
2025-06-16,C163,Americas,Product C,1620.15,4
2025-06-17,C13,EMEA,Product B,3400.18,8
2025-06-17,C8,EMEA,Product A,2080.77,12
2025-06-17,C142,APAC,Product C,1118.6,10
2025-06-17,C153,APAC,Product A,1916.56,14
2025-06-17,C392,APAC,Product A,1334.98,10
2025-06-17,C78,APAC,Product B,3124.92,9
2025-06-17,C10,EMEA,Product C,1725.67,2
2025-06-17,C382,EMEA,Product C,2112.94,11
2025-06-17,C14,Americas,Product C,4024.11,1
2025-06-17,C91,Americas,Product C,3763.73,4
2025-06-17,C250,Americas,Product B,1217.64,13
2025-06-17,C126,EMEA,Product A,2304.91,13
2025-06-17,C277,EMEA,Product B,2274.79,13
2025-06-18,C240,Americas,Product B,2584.3,14
2025-06-18,C399,Americas,Product C,1842.61,10
2025-06-18,C220,APAC,Product B,3281.74,2
2025-06-18,C346,EMEA,Product B,3487.65,7
2025-06-18,C244,EMEA,Product C,4028.07,9
2025-06-18,C246,Americas,Product A,2857.47,12
2025-06-18,C259,APAC,Product B,1670.88,14
2025-06-18,C92,APAC,Product C,1023.2,12
2025-06-18,C320,APAC,Product A,1389.28,4
2025-06-18,C116,EMEA,Product B,4105.03,9
2025-06-18,C359,Americas,Product C,3011.27,1
2025-06-18,C150,EMEA,Product C,892.01,14
2025-06-18,C363,Americas,Product B,3642.13,13
2025-06-19,C114,Americas,Product B,2110.17,1
2025-06-19,C392,APAC,Product B,2407.84,1
2025-06-19,C267,APAC,Product A,3568.17,12
2025-06-19,C35,APAC,Product B,2979.06,3
2025-06-19,C244,Americas,Product B,513.4,4
2025-06-19,C201,Americas,Product A,1333.31,6
2025-06-19,C311,Americas,Product A,3598.29,1
2025-06-19,C6,APAC,Product A,3415.82,2
2025-06-19,C315,APAC,Product A,1259.99,12
2025-06-19,C278,EMEA,Product B,4377.18,4
2025-06-19,C173,EMEA,Product A,2520.77,12
2025-06-19,C115,Americas,Product B,2737.92,7
2025-06-19,C310,Americas,Product A,659.78,2
2025-06-19,C243,APAC,Product A,3260.93,4
2025-06-19,C60,Americas,Product A,2128.25,14
2025-06-19,C353,Americas,Product B,3961.94,14
2025-06-19,C147,EMEA,Product C,1292.2,10
2025-06-19,C202,EMEA,Product A,2971.65,9
2025-06-20,C44,EMEA,Product A,4435.12,8
2025-06-20,C193,EMEA,Product C,2322.6,9
2025-06-20,C275,APAC,Product A,2860.77,11
2025-06-20,C345,Americas,Product A,1608.92,5
2025-06-20,C221,EMEA,Product A,2309.8,4
2025-06-20,C347,EMEA,Product B,2575.71,8
2025-06-20,C138,Americas,Product B,807.1,3
2025-06-20,C394,Americas,Product A,1435.01,3
2025-06-20,C317,EMEA,Product B,1738.63,14
2025-06-20,C229,Americas,Product B,783.37,9
2025-06-20,C227,APAC,Product B,957.55,14
2025-06-20,C76,APAC,Product C,2966.31,14
2025-06-20,C379,Americas,Product C,4197.56,10
2025-06-20,C278,EMEA,Product B,1310.91,14
2025-06-20,C10,Americas,Product A,704.79,3
2025-06-21,C176,Americas,Product B,3157.69,6
2025-06-21,C235,APAC,Product A,1282.07,9
2025-06-21,C6,APAC,Product B,2647.0,12
2025-06-21,C325,APAC,Product C,3435.03,12
2025-06-21,C369,Americas,Product C,1123.61,1
2025-06-21,C110,APAC,Product C,1817.98,8
2025-06-21,C284,APAC,Product B,3394.73,2
2025-06-21,C348,Americas,Product B,880.55,14
2025-06-21,C73,APAC,Product C,1378.0,6
2025-06-21,C196,EMEA,Product B,1747.7,7
2025-06-21,C257,Americas,Product C,2466.21,7
2025-06-21,C100,APAC,Product C,4420.52,5
2025-06-21,C111,Americas,Product C,1434.29,2
2025-06-21,C149,Americas,Product A,2971.51,1
2025-06-21,C248,APAC,Product A,996.57,13
2025-06-22,C386,APAC,Product B,2847.41,7
2025-06-22,C185,EMEA,Product B,3167.87,4
2025-06-22,C288,EMEA,Product A,3677.2,6
2025-06-22,C117,Americas,Product B,1166.57,5
2025-06-22,C222,Americas,Product B,4331.42,3
2025-06-22,C57,APAC,Product A,1855.12,6
2025-06-22,C348,Americas,Product A,4474.56,6
2025-06-22,C219,EMEA,Product B,3194.4,13
2025-06-22,C338,Americas,Product A,2166.54,9
2025-06-22,C311,Americas,Product C,1683.53,7
2025-06-22,C63,APAC,Product C,1460.62,9
2025-06-22,C225,EMEA,Product A,2961.77,11
2025-06-23,C10,APAC,Product A,3645.88,13
2025-06-23,C37,Americas,Product B,731.32,4
2025-06-23,C301,APAC,Product C,2349.24,3
2025-06-23,C378,APAC,Product B,2785.1,9
2025-06-23,C11,APAC,Product A,3644.74,10
2025-06-23,C163,Americas,Product C,2460.56,8
2025-06-23,C10,Americas,Product A,2575.67,7
2025-06-23,C344,Americas,Product C,4410.2,8
2025-06-23,C137,Americas,Product B,1947.94,3
2025-06-23,C349,EMEA,Product C,486.58,13
2025-06-23,C152,EMEA,Product B,477.49,9
2025-06-23,C51,EMEA,Product A,3251.24,11
2025-06-23,C340,EMEA,Product B,1040.16,5
2025-06-23,C8,EMEA,Product A,742.59,6
2025-06-23,C285,Americas,Product A,4226.35,11
2025-06-23,C287,APAC,Product A,4396.63,12
2025-06-23,C243,EMEA,Product A,2433.11,8
2025-06-24,C246,Americas,Product B,2195.03,8
2025-06-24,C54,APAC,Product B,1047.1,7
2025-06-24,C369,Americas,Product C,1290.25,10
2025-06-24,C184,Americas,Product C,1255.11,6
2025-06-24,C42,EMEA,Product A,4234.98,3
2025-06-24,C79,Americas,Product A,1501.05,7
2025-06-24,C98,Americas,Product B,2540.76,14
2025-06-24,C231,Americas,Product A,1684.92,10
2025-06-24,C394,Americas,Product B,4166.29,6
2025-06-24,C295,Americas,Product B,3730.44,2
2025-06-24,C259,APAC,Product B,2432.91,13
2025-06-24,C346,EMEA,Product C,3655.28,8
2025-06-24,C140,APAC,Product C,1629.65,10
2025-06-25,C140,APAC,Product C,1403.72,13
2025-06-25,C298,APAC,Product C,3378.84,5
2025-06-25,C60,Americas,Product A,723.64,3
2025-06-25,C62,EMEA,Product C,2665.47,3
2025-06-25,C137,Americas,Product B,2121.73,4
2025-06-25,C50,APAC,Product A,2455.17,8
2025-06-25,C135,APAC,Product C,1791.2,14
2025-06-25,C216,APAC,Product B,4051.79,12
2025-06-25,C99,APAC,Product A,3331.3,2
2025-06-25,C360,Americas,Product C,1349.87,2
2025-06-26,C324,EMEA,Product C,826.54,9
2025-06-26,C400,Americas,Product B,846.17,2
2025-06-26,C10,Americas,Product A,4142.92,4
2025-06-26,C114,EMEA,Product B,1699.9,6
2025-06-26,C164,EMEA,Product C,1345.99,5
2025-06-26,C284,APAC,Product B,948.51,14
2025-06-26,C152,EMEA,Product C,2633.5,1
2025-06-26,C199,Americas,Product B,886.07,13
2025-06-26,C76,APAC,Product A,3948.55,14
2025-06-26,C111,EMEA,Product B,1938.38,6
2025-06-26,C272,EMEA,Product C,4315.24,14
2025-06-26,C258,EMEA,Product B,1549.68,5
2025-06-26,C395,Americas,Product C,3955.88,4
2025-06-26,C50,APAC,Product C,2707.26,5
2025-06-26,C286,APAC,Product B,4268.45,11
2025-06-26,C367,Americas,Product C,1474.25,3
2025-06-26,C91,Americas,Product C,1229.34,3
2025-06-26,C42,EMEA,Product B,3074.75,11
2025-06-26,C205,Americas,Product A,2416.42,5
2025-06-27,C334,APAC,Product C,4390.57,10
2025-06-27,C129,APAC,Product B,3185.77,6
2025-06-27,C311,Americas,Product C,1388.04,2
2025-06-27,C221,EMEA,Product A,938.63,12
2025-06-27,C147,EMEA,Product C,2118.42,9
2025-06-27,C283,Americas,Product B,1402.3,13
2025-06-27,C321,APAC,Product C,1679.56,10
2025-06-27,C122,APAC,Product C,2637.37,4
2025-06-27,C197,Americas,Product B,626.74,14
2025-06-28,C16,Americas,Product C,2443.08,6
2025-06-28,C355,APAC,Product B,1969.63,4
2025-06-28,C327,APAC,Product C,3058.62,3
2025-06-28,C386,APAC,Product B,2757.69,13
2025-06-28,C72,Americas,Product C,1036.52,8
2025-06-28,C146,APAC,Product B,3922.41,12
2025-06-28,C247,APAC,Product C,2527.74,1
2025-06-28,C79,Americas,Product B,1012.82,1
2025-06-28,C267,APAC,Product A,4361.02,14
2025-06-28,C280,APAC,Product C,974.06,10
2025-06-28,C105,EMEA,Product C,2704.98,8
2025-06-28,C184,Americas,Product A,1492.74,13
2025-06-28,C159,EMEA,Product A,840.86,10
2025-06-28,C152,EMEA,Product C,4450.93,6
2025-06-28,C188,EMEA,Product C,3387.61,11
2025-06-29,C162,EMEA,Product C,2319.23,14
2025-06-29,C271,Americas,Product A,3954.92,12
2025-06-29,C207,Americas,Product A,1383.06,6
2025-06-29,C219,EMEA,Product C,1430.32,6
2025-06-29,C174,Americas,Product C,2541.71,5
2025-06-29,C52,EMEA,Product A,4362.42,6
2025-06-29,C293,APAC,Product A,4276.02,4
2025-06-29,C188,EMEA,Product C,3131.65,11
2025-06-29,C89,EMEA,Product B,1500.28,3
2025-06-29,C280,APAC,Product B,826.57,3
2025-06-29,C91,Americas,Product C,2231.65,8
2025-06-29,C27,Americas,Product B,2403.97,4
2025-06-29,C249,Americas,Product B,3084.87,10
2025-06-29,C165,APAC,Product A,939.61,7
2025-06-29,C99,APAC,Product A,3784.57,8
2025-06-29,C291,EMEA,Product A,1631.23,5
2025-06-29,C180,APAC,Product B,464.9,14
2025-06-29,C376,Americas,Product C,467.22,5
2025-06-29,C44,EMEA,Product B,1760.33,10
2025-06-29,C380,APAC,Product A,3942.66,8
2025-06-29,C311,Americas,Product C,2043.84,11
2025-06-29,C391,Americas,Product C,3189.07,9
2025-06-29,C139,Americas,Product B,2759.12,11
2025-06-29,C363,Americas,Product A,3620.84,2
2025-07-01,C49,Americas,Product C,1988.1,12
2025-07-01,C18,APAC,Product B,888.29,5
2025-07-01,C72,Americas,Product B,912.33,8
2025-07-01,C336,Americas,Product A,941.51,11
2025-07-02,C24,Americas,Product C,4041.15,14
2025-07-02,C297,APAC,Product A,2981.02,1
2025-07-02,C336,EMEA,Product A,3106.84,5
2025-07-02,C148,APAC,Product A,3050.74,12
2025-07-02,C282,EMEA,Product B,977.72,4
2025-07-02,C136,Americas,Product B,1791.61,7
2025-07-02,C332,EMEA,Product B,2915.72,14
2025-07-02,C252,EMEA,Product A,3028.97,14
2025-07-02,C141,Americas,Product C,1835.8,5
2025-07-02,C269,Americas,Product B,3266.66,5
2025-07-02,C359,Americas,Product C,4437.85,1
2025-07-02,C176,Americas,Product A,1467.41,11
2025-07-02,C247,APAC,Product C,2927.87,11
2025-07-02,C384,EMEA,Product A,3173.82,3
2025-07-02,C204,APAC,Product B,2397.05,13
2025-07-02,C191,APAC,Product C,3620.23,9
2025-07-03,C81,Americas,Product C,2254.58,7
2025-07-03,C210,APAC,Product B,3967.05,1
2025-07-03,C359,Americas,Product B,3433.99,9
2025-07-03,C363,APAC,Product B,4196.55,11
2025-07-03,C341,APAC,Product B,770.08,13
2025-07-03,C142,APAC,Product C,1697.17,4
2025-07-03,C268,Americas,Product C,4446.35,2
2025-07-03,C277,EMEA,Product B,4282.85,14
2025-07-03,C23,EMEA,Product B,1197.67,8
2025-07-03,C67,APAC,Product B,3257.94,10
2025-07-03,C155,APAC,Product C,2345.47,14
2025-07-03,C319,EMEA,Product B,2392.81,7
2025-07-03,C395,Americas,Product A,3070.29,8
2025-07-03,C251,APAC,Product C,3605.49,5
2025-07-04,C126,APAC,Product B,1693.17,6
2025-07-04,C320,APAC,Product C,2620.18,1
2025-07-04,C83,APAC,Product B,4334.68,2
2025-07-04,C298,Americas,Product C,3480.07,12
2025-07-04,C72,Americas,Product A,627.12,11
2025-07-04,C241,EMEA,Product C,1039.28,4
2025-07-04,C94,EMEA,Product A,2990.03,7
2025-07-04,C50,APAC,Product A,601.36,1
2025-07-04,C340,EMEA,Product B,2670.02,2
2025-07-04,C202,EMEA,Product B,2198.26,7
2025-07-04,C114,Americas,Product A,2541.31,2
2025-07-04,C376,EMEA,Product B,4122.08,2
2025-07-04,C280,APAC,Product A,2396.4,9
2025-07-04,C272,EMEA,Product B,2559.95,13
2025-07-04,C185,EMEA,Product A,3357.51,5
2025-07-04,C172,APAC,Product B,1894.82,4
2025-07-05,C299,APAC,Product A,2741.13,8
2025-07-05,C321,APAC,Product A,2514.01,4
2025-07-05,C70,APAC,Product C,2831.2,6
2025-07-05,C177,Americas,Product B,938.49,6
2025-07-05,C339,Americas,Product C,2076.01,4
2025-07-05,C346,EMEA,Product A,888.66,4
2025-07-05,C158,APAC,Product A,1625.55,9
2025-07-05,C109,APAC,Product A,4027.54,5
2025-07-05,C152,EMEA,Product A,1182.82,9
2025-07-05,C249,EMEA,Product B,4029.19,4
2025-07-05,C224,Americas,Product A,2582.24,9
2025-07-05,C173,Americas,Product A,1787.67,9
2025-07-05,C398,APAC,Product C,3934.52,5
2025-07-05,C159,EMEA,Product A,4466.12,4
2025-07-06,C182,APAC,Product A,3376.95,1
2025-07-06,C201,APAC,Product A,2885.73,1
2025-07-06,C67,APAC,Product C,3958.02,3
2025-07-06,C84,Americas,Product A,1140.8,13
2025-07-06,C190,EMEA,Product C,1519.18,13
2025-07-06,C312,EMEA,Product C,2164.35,9
2025-07-06,C15,Americas,Product B,968.82,13
2025-07-06,C264,APAC,Product C,1003.62,6
2025-07-06,C84,EMEA,Product C,2576.56,4
2025-07-06,C391,Americas,Product C,624.59,5
2025-07-06,C98,APAC,Product B,3037.25,4
2025-07-07,C62,Americas,Product C,666.51,6
2025-07-07,C23,EMEA,Product A,2361.05,12
2025-07-07,C386,APAC,Product B,1197.23,4
2025-07-07,C277,EMEA,Product C,2060.24,10
2025-07-07,C350,APAC,Product B,4490.58,8
2025-07-07,C58,APAC,Product A,2474.32,9
2025-07-07,C50,APAC,Product C,1231.31,9
2025-07-07,C187,APAC,Product A,1983.22,9
2025-07-07,C213,EMEA,Product B,2488.54,14
2025-07-07,C360,EMEA,Product A,1670.11,4
2025-07-08,C49,APAC,Product C,3328.22,10
2025-07-08,C382,EMEA,Product C,657.54,14
2025-07-08,C190,APAC,Product C,959.19,8
2025-07-08,C4,EMEA,Product A,4247.2,11
2025-07-08,C316,Americas,Product C,3752.18,12
2025-07-08,C199,Americas,Product B,4030.0,3
2025-07-08,C398,APAC,Product C,1049.47,6
2025-07-08,C219,EMEA,Product B,3617.03,7
2025-07-08,C42,EMEA,Product A,1232.72,14
2025-07-08,C225,EMEA,Product A,3780.73,5
2025-07-08,C252,EMEA,Product A,2611.04,1
2025-07-08,C135,APAC,Product B,4355.98,5
2025-07-08,C311,Americas,Product C,2887.54,13
2025-07-09,C379,Americas,Product B,1358.84,8
2025-07-09,C152,EMEA,Product B,3007.83,12
2025-07-09,C50,APAC,Product C,3942.5,13
2025-07-09,C251,APAC,Product C,2244.1,8
2025-07-09,C115,Americas,Product B,3064.64,4
2025-07-09,C264,APAC,Product C,2582.82,4
2025-07-09,C265,Americas,Product C,3793.88,9
2025-07-09,C38,Americas,Product C,431.88,12
2025-07-09,C188,EMEA,Product C,1244.8,13
2025-07-09,C169,APAC,Product B,1480.96,5
2025-07-09,C360,EMEA,Product A,1267.44,13
2025-07-09,C10,Americas,Product A,2615.63,4
2025-07-09,C87,APAC,Product C,2122.43,11
2025-07-10,C58,EMEA,Product A,4339.29,5
2025-07-10,C171,Americas,Product A,4076.19,9
2025-07-10,C128,Americas,Product A,2641.97,8
2025-07-10,C190,EMEA,Product B,2683.53,7
2025-07-10,C269,APAC,Product A,3418.66,14
2025-07-10,C81,Americas,Product A,544.62,11
2025-07-10,C312,EMEA,Product A,3259.54,10
2025-07-10,C243,EMEA,Product A,1979.27,14
2025-07-10,C394,Americas,Product B,698.28,7
2025-07-10,C218,Americas,Product A,2786.87,3
2025-07-10,C127,Americas,Product A,670.82,14
2025-07-10,C370,APAC,Product B,3202.02,7
2025-07-10,C42,EMEA,Product B,4349.14,6
2025-07-11,C316,Americas,Product C,4006.97,12
2025-07-11,C27,Americas,Product B,3769.97,10
2025-07-11,C44,EMEA,Product C,4401.91,12
2025-07-11,C235,APAC,Product A,3617.85,9
2025-07-11,C22,APAC,Product C,3122.68,2
2025-07-11,C101,EMEA,Product B,3363.55,3
2025-07-11,C256,Americas,Product A,3597.08,1
2025-07-11,C349,EMEA,Product B,1840.25,14
2025-07-11,C394,Americas,Product B,3027.67,11
2025-07-11,C287,APAC,Product B,1694.89,8
2025-07-11,C303,Americas,Product C,621.08,9
2025-07-11,C216,Americas,Product B,3502.48,5
2025-07-11,C60,Americas,Product A,2575.85,9
2025-07-11,C220,APAC,Product B,471.05,10
2025-07-11,C242,Americas,Product A,1155.36,5
2025-07-12,C197,Americas,Product B,3234.49,10
2025-07-12,C68,Americas,Product A,2864.12,5
2025-07-12,C87,APAC,Product C,3780.18,2
2025-07-12,C92,APAC,Product C,4102.43,8
2025-07-12,C275,APAC,Product C,2021.27,10
2025-07-12,C356,Americas,Product A,2618.24,13
2025-07-12,C358,APAC,Product C,4198.0,8
2025-07-12,C394,Americas,Product B,752.29,9
2025-07-13,C150,EMEA,Product C,2845.85,13
2025-07-13,C61,APAC,Product C,4488.08,8
2025-07-13,C36,EMEA,Product A,1785.28,5
2025-07-13,C51,APAC,Product C,3014.98,5
2025-07-13,C344,Americas,Product C,2581.43,8
2025-07-13,C175,APAC,Product B,978.66,11
2025-07-13,C60,Americas,Product A,2340.12,8
2025-07-13,C195,Americas,Product C,4293.39,4
2025-07-13,C304,APAC,Product C,3949.05,12
2025-07-13,C398,APAC,Product C,443.97,14
2025-07-13,C216,APAC,Product C,1787.08,9
2025-07-13,C205,Americas,Product C,2057.43,5
2025-07-13,C91,EMEA,Product C,912.54,10
2025-07-13,C389,Americas,Product B,2764.54,12
2025-07-14,C112,EMEA,Product A,1500.1,12
2025-07-14,C46,EMEA,Product A,4311.89,1
2025-07-14,C54,EMEA,Product C,2095.34,4
2025-07-14,C141,Americas,Product C,3520.78,8
2025-07-14,C257,EMEA,Product C,674.3,12
2025-07-14,C74,EMEA,Product B,3549.67,3
2025-07-14,C320,APAC,Product A,3670.28,8
2025-07-14,C133,EMEA,Product C,443.52,2
2025-07-14,C75,EMEA,Product C,1835.2,1
2025-07-14,C44,EMEA,Product C,1356.29,6
2025-07-14,C391,Americas,Product A,1882.05,6
2025-07-14,C197,Americas,Product C,2446.13,3
2025-07-14,C52,EMEA,Product B,2708.48,3
2025-07-14,C101,EMEA,Product C,2967.45,11
2025-07-14,C171,Americas,Product C,4439.63,13
2025-07-14,C366,Americas,Product B,2524.48,12
2025-07-14,C16,Americas,Product C,4010.29,8
2025-07-15,C138,Americas,Product A,2563.58,13
2025-07-15,C198,APAC,Product A,4356.48,4
2025-07-15,C391,Americas,Product C,1690.73,12
2025-07-15,C254,APAC,Product C,782.07,10
2025-07-15,C288,EMEA,Product A,2116.61,6
2025-07-15,C265,Americas,Product C,4091.55,8
2025-07-15,C316,Americas,Product C,2221.41,7
2025-07-15,C334,APAC,Product B,1998.79,14
2025-07-15,C16,Americas,Product A,2594.9,13
2025-07-15,C211,Americas,Product A,1267.16,10
2025-07-15,C376,EMEA,Product C,3069.13,13
2025-07-15,C58,EMEA,Product A,2678.08,12
2025-07-16,C398,APAC,Product C,3727.7,4
2025-07-16,C110,APAC,Product C,1892.27,8
2025-07-16,C30,EMEA,Product C,4017.57,9
2025-07-16,C120,APAC,Product C,1959.88,12
2025-07-16,C74,EMEA,Product C,2924.15,2
2025-07-16,C255,APAC,Product C,3042.33,2
2025-07-16,C73,APAC,Product B,3416.61,2
2025-07-16,C162,Americas,Product A,4176.92,11
2025-07-16,C325,APAC,Product C,2095.96,7
2025-07-16,C267,APAC,Product A,4347.36,6
2025-07-16,C103,EMEA,Product B,3635.71,8
2025-07-16,C315,APAC,Product A,1871.0,12
2025-07-16,C252,EMEA,Product A,4028.63,10
2025-07-16,C364,APAC,Product B,3678.39,14
2025-07-16,C248,Americas,Product A,3492.03,10
2025-07-16,C343,APAC,Product C,3492.54,6
2025-07-17,C329,Americas,Product C,2602.14,1
2025-07-17,C338,Americas,Product B,1710.14,4
2025-07-17,C253,EMEA,Product A,2895.88,1
2025-07-17,C170,Americas,Product B,3479.9,7
2025-07-17,C136,Americas,Product B,3361.11,10
2025-07-17,C84,Americas,Product A,3054.95,6
2025-07-17,C240,Americas,Product B,2975.16,12
2025-07-17,C212,APAC,Product A,3487.2,7
2025-07-17,C224,Americas,Product B,4385.04,2
2025-07-17,C346,EMEA,Product A,3426.1,11
2025-07-17,C202,EMEA,Product B,1975.01,11
2025-07-17,C82,Americas,Product B,3739.34,10
2025-07-17,C316,Americas,Product C,1186.64,2
2025-07-18,C360,EMEA,Product C,1297.48,12
2025-07-18,C371,APAC,Product B,966.83,11
2025-07-18,C224,Americas,Product A,4134.24,2
2025-07-18,C180,APAC,Product A,2801.7,5
2025-07-18,C236,APAC,Product C,1122.5,14
2025-07-18,C101,EMEA,Product B,1260.58,5
2025-07-18,C282,EMEA,Product B,2449.35,8
2025-07-18,C267,APAC,Product A,2817.04,5
2025-07-18,C34,EMEA,Product A,1494.77,11
2025-07-18,C323,EMEA,Product C,901.09,5
2025-07-18,C395,Americas,Product A,3970.93,8
2025-07-18,C342,EMEA,Product B,3124.38,1
2025-07-18,C307,Americas,Product C,2326.61,14
2025-07-18,C332,EMEA,Product B,3025.6,12
2025-07-19,C155,APAC,Product C,2673.27,6
2025-07-19,C216,APAC,Product B,3826.76,2
2025-07-19,C378,APAC,Product A,2492.54,2
2025-07-19,C60,Americas,Product B,4236.27,4
2025-07-19,C207,Americas,Product A,1380.72,3
2025-07-19,C48,APAC,Product A,4254.9,14
2025-07-19,C75,EMEA,Product C,1497.62,12
2025-07-19,C369,Americas,Product C,3991.93,1
2025-07-19,C55,Americas,Product A,2841.96,4
2025-07-19,C202,EMEA,Product B,3099.43,2
2025-07-19,C367,Americas,Product A,4157.15,12
2025-07-19,C35,APAC,Product C,1428.04,3
2025-07-19,C366,Americas,Product B,3350.79,2
2025-07-19,C177,Americas,Product A,3627.35,12
2025-07-20,C215,EMEA,Product B,972.88,9
2025-07-20,C167,EMEA,Product A,1703.4,14
2025-07-20,C136,Americas,Product B,3095.9,6
2025-07-20,C66,EMEA,Product B,2874.76,11
2025-07-20,C60,EMEA,Product C,1365.68,5
2025-07-20,C94,EMEA,Product A,2861.72,6
2025-07-20,C142,APAC,Product A,4386.98,10
2025-07-20,C222,Americas,Product A,2145.59,8
2025-07-21,C391,Americas,Product A,529.52,1
2025-07-21,C249,Americas,Product C,1506.89,5
2025-07-21,C243,EMEA,Product C,2551.96,5
2025-07-21,C82,Americas,Product B,3366.32,9
2025-07-21,C323,EMEA,Product C,4389.83,12
2025-07-21,C168,APAC,Product C,2165.42,14
2025-07-21,C189,EMEA,Product A,1398.22,8
2025-07-21,C190,EMEA,Product C,3147.48,14
2025-07-21,C324,EMEA,Product C,743.09,6
2025-07-21,C299,EMEA,Product A,1151.05,1
2025-07-21,C275,APAC,Product A,1096.07,13
2025-07-21,C59,APAC,Product C,3037.74,9
2025-07-21,C378,APAC,Product A,4408.07,1
2025-07-21,C273,Americas,Product A,2103.41,2
2025-07-21,C282,EMEA,Product B,909.33,3
2025-07-22,C231,Americas,Product C,849.14,10
2025-07-22,C180,APAC,Product B,2217.52,12
2025-07-22,C343,APAC,Product C,3020.76,9
2025-07-22,C4,EMEA,Product C,3575.15,6
2025-07-22,C127,Americas,Product C,4074.35,9
2025-07-22,C139,Americas,Product A,2773.2,2
2025-07-22,C330,APAC,Product C,2096.29,13
2025-07-22,C14,Americas,Product C,2396.12,8
2025-07-22,C311,Americas,Product C,4365.38,12
2025-07-22,C381,EMEA,Product B,1047.26,3
2025-07-22,C159,EMEA,Product A,1419.59,10
2025-07-22,C293,APAC,Product A,522.45,8
2025-07-22,C143,EMEA,Product A,3412.26,6
2025-07-22,C43,Americas,Product C,2315.41,13
2025-07-22,C108,Americas,Product C,660.61,4
2025-07-23,C11,APAC,Product A,1586.59,4
2025-07-23,C280,EMEA,Product B,493.7,7
2025-07-23,C229,EMEA,Product A,1841.99,5
2025-07-23,C146,APAC,Product C,4097.04,5
2025-07-23,C366,Americas,Product B,1450.03,12
2025-07-23,C47,APAC,Product C,4414.97,4
2025-07-23,C325,APAC,Product B,1011.99,4
2025-07-23,C104,Americas,Product B,3541.58,7
2025-07-23,C372,APAC,Product C,3106.08,5
2025-07-23,C329,Americas,Product B,3081.31,4
2025-07-23,C239,EMEA,Product C,3227.97,13
2025-07-23,C374,APAC,Product C,2901.95,7
2025-07-23,C352,EMEA,Product B,3220.01,14
2025-07-23,C346,EMEA,Product A,1899.99,9
2025-07-23,C139,Americas,Product A,2505.74,2
2025-07-23,C352,EMEA,Product B,3788.87,3
2025-07-23,C292,EMEA,Product B,1090.57,3
2025-07-24,C87,APAC,Product C,4203.34,1
2025-07-24,C153,APAC,Product A,4245.72,13
2025-07-24,C59,APAC,Product C,697.44,10
2025-07-24,C343,APAC,Product A,2946.84,8
2025-07-24,C6,APAC,Product A,2028.33,1
2025-07-24,C384,EMEA,Product C,3109.65,4
2025-07-24,C48,APAC,Product C,2427.9,7
2025-07-24,C64,EMEA,Product B,4081.83,13
2025-07-24,C142,APAC,Product A,3917.63,1
2025-07-24,C228,APAC,Product A,4312.42,1
2025-07-24,C80,EMEA,Product B,965.9,14
2025-07-24,C100,EMEA,Product C,1738.28,7
2025-07-24,C274,APAC,Product A,446.4,13
2025-07-25,C153,Americas,Product A,943.61,9
2025-07-25,C120,APAC,Product A,2267.97,12
2025-07-25,C396,EMEA,Product C,2432.22,13
2025-07-25,C352,Americas,Product B,4135.1,12
2025-07-25,C100,EMEA,Product C,658.11,9
2025-07-25,C297,APAC,Product A,1731.11,13
2025-07-25,C291,Americas,Product A,1802.29,14
2025-07-25,C170,Americas,Product C,581.05,7
2025-07-25,C122,APAC,Product A,543.89,7
2025-07-25,C122,APAC,Product A,1343.8,3
2025-07-25,C10,Americas,Product A,2544.22,13
2025-07-26,C86,Americas,Product B,2121.54,11
2025-07-26,C171,EMEA,Product C,1554.71,3
2025-07-26,C192,Americas,Product C,2603.31,3
2025-07-26,C301,APAC,Product C,1348.55,9
2025-07-26,C339,Americas,Product A,2735.19,7
2025-07-26,C50,EMEA,Product C,764.25,14
2025-07-26,C246,EMEA,Product A,1026.1,2
2025-07-26,C28,Americas,Product A,1397.07,14
2025-07-26,C197,Americas,Product B,2653.51,4
2025-07-26,C204,APAC,Product B,3034.79,12
2025-07-26,C244,Americas,Product A,3249.54,3
2025-07-26,C48,Americas,Product B,2228.3,3
2025-07-27,C36,EMEA,Product A,1002.92,5
2025-07-27,C117,EMEA,Product B,4259.27,6
2025-07-27,C369,Americas,Product C,3785.67,14
2025-07-27,C38,Americas,Product A,2752.78,1
2025-07-27,C202,EMEA,Product A,697.33,3
2025-07-27,C295,APAC,Product A,3309.11,4
2025-07-27,C119,EMEA,Product C,990.38,12
2025-07-27,C163,Americas,Product C,2330.98,5
2025-07-27,C264,EMEA,Product C,1088.07,1
2025-07-27,C310,EMEA,Product A,2286.5,6
2025-07-27,C4,EMEA,Product C,3546.96,10
2025-07-27,C133,EMEA,Product A,2007.28,2
2025-07-27,C63,APAC,Product C,744.59,5
2025-07-27,C185,EMEA,Product C,4137.01,8
2025-07-28,C382,APAC,Product C,2801.27,11
2025-07-28,C282,EMEA,Product C,2157.61,12
2025-07-28,C55,EMEA,Product B,663.85,9
2025-07-28,C222,Americas,Product A,1432.11,8
2025-07-28,C8,EMEA,Product A,2707.85,3
2025-07-28,C124,EMEA,Product A,3302.13,14
2025-07-28,C37,Americas,Product A,724.34,5
2025-07-28,C111,EMEA,Product C,3615.97,4
2025-07-28,C378,APAC,Product A,684.14,6
2025-07-28,C170,EMEA,Product C,3636.25,6
2025-07-28,C293,APAC,Product A,3529.49,9
2025-07-28,C341,APAC,Product A,1338.06,7
2025-07-29,C358,APAC,Product A,2218.58,13
2025-07-29,C215,APAC,Product C,1009.56,1
2025-07-29,C338,Americas,Product A,1433.59,4
2025-07-29,C39,Americas,Product B,4184.67,6
2025-07-29,C130,Americas,Product C,2725.17,10
2025-07-29,C119,EMEA,Product A,3428.46,12
2025-07-29,C248,Americas,Product C,455.85,6
2025-07-29,C248,Americas,Product C,4240.48,11
2025-07-29,C208,Americas,Product B,2586.8,2
2025-07-29,C195,Americas,Product C,3674.07,1
2025-07-30,C79,Americas,Product B,941.62,3
2025-07-30,C337,EMEA,Product B,4258.29,11
2025-07-30,C392,APAC,Product A,3618.28,1
2025-07-30,C194,EMEA,Product B,521.15,12
2025-07-30,C321,APAC,Product C,3900.51,2
2025-07-30,C153,APAC,Product A,2642.94,12
2025-07-30,C89,EMEA,Product B,3603.35,6
2025-07-30,C46,APAC,Product C,2411.52,3
2025-07-30,C200,EMEA,Product A,1034.95,12
2025-07-30,C62,EMEA,Product A,4361.97,7
2025-07-30,C254,Americas,Product C,2435.34,12
2025-07-30,C378,APAC,Product C,2199.36,9
2025-07-31,C29,EMEA,Product B,1209.5,5
2025-07-31,C216,APAC,Product A,1702.16,6
2025-07-31,C178,EMEA,Product A,2282.34,12
2025-07-31,C13,EMEA,Product B,3992.02,13
2025-07-31,C306,EMEA,Product B,4127.4,3
2025-07-31,C3,APAC,Product C,2823.54,2
2025-07-31,C255,APAC,Product C,1686.53,2
2025-07-31,C23,EMEA,Product B,1280.65,4
2025-07-31,C129,Americas,Product B,566.78,11
2025-07-31,C390,EMEA,Product C,1640.39,12
2025-07-31,C163,Americas,Product C,952.34,4
2025-07-31,C210,APAC,Product B,3347.02,2
2025-07-31,C42,EMEA,Product A,2171.23,3
2025-07-31,C386,APAC,Product B,1935.97,1
2025-07-31,C70,APAC,Product B,2991.56,11
2025-07-31,C197,Americas,Product B,612.01,4
2025-08-01,C210,EMEA,Product B,416.13,8
2025-08-01,C104,APAC,Product B,3860.3,8
2025-08-01,C170,Americas,Product B,4264.78,13
2025-08-01,C62,EMEA,Product C,4130.86,2
2025-08-01,C216,APAC,Product B,1160.07,9
2025-08-01,C136,Americas,Product C,3644.99,2
2025-08-01,C164,APAC,Product B,3370.15,13
2025-08-01,C252,EMEA,Product B,4463.73,14
2025-08-01,C14,Americas,Product B,836.04,7
2025-08-01,C212,APAC,Product C,2591.01,14
2025-08-01,C251,APAC,Product C,2421.81,2
2025-08-01,C366,Americas,Product B,3592.18,4
2025-08-01,C153,APAC,Product A,2743.53,3
2025-08-01,C167,EMEA,Product A,502.77,4
2025-08-01,C244,Americas,Product B,1594.23,6
2025-08-02,C171,APAC,Product C,4404.6,2
2025-08-02,C368,APAC,Product A,752.38,9
2025-08-02,C46,APAC,Product B,1967.15,11
2025-08-02,C391,APAC,Product C,1544.66,1
2025-08-02,C311,Americas,Product B,1830.2,3
2025-08-02,C164,EMEA,Product C,1493.98,3
2025-08-02,C256,Americas,Product B,446.62,9
2025-08-02,C11,APAC,Product A,4205.99,3
2025-08-02,C316,Americas,Product C,3812.63,2
2025-08-02,C127,Americas,Product A,3927.23,8
2025-08-02,C62,EMEA,Product C,2489.32,8
2025-08-02,C358,APAC,Product B,1775.71,11
2025-08-02,C214,EMEA,Product B,3799.62,13
2025-08-03,C190,EMEA,Product C,3411.46,5
2025-08-03,C202,EMEA,Product B,2291.5,6
2025-08-03,C111,EMEA,Product C,1391.01,7
2025-08-03,C170,Americas,Product B,3640.43,2
2025-08-03,C265,Americas,Product C,1955.49,8
2025-08-03,C306,EMEA,Product B,4266.6,10
2025-08-03,C345,Americas,Product A,3633.69,2
2025-08-03,C4,Americas,Product C,4121.46,1
2025-08-03,C128,Americas,Product A,3531.74,13
2025-08-03,C312,EMEA,Product C,4302.51,2
2025-08-03,C168,Americas,Product C,2569.8,11
2025-08-03,C265,Americas,Product C,2079.9,11
2025-08-03,C199,APAC,Product B,3336.78,13
2025-08-04,C289,EMEA,Product C,2915.62,5
2025-08-04,C379,Americas,Product C,3978.77,7
2025-08-04,C203,EMEA,Product A,1155.12,1
2025-08-04,C48,APAC,Product B,1113.97,7
2025-08-04,C224,Americas,Product A,3653.37,10
2025-08-04,C100,EMEA,Product A,1440.8,10
2025-08-04,C121,Americas,Product B,3393.08,4
2025-08-04,C129,APAC,Product B,3441.11,10
2025-08-04,C50,APAC,Product B,3413.68,9
2025-08-05,C371,APAC,Product B,412.03,11
2025-08-05,C117,EMEA,Product B,3390.21,5
2025-08-05,C58,Americas,Product A,2836.34,11
2025-08-05,C123,Americas,Product B,3069.39,7
2025-08-05,C224,Americas,Product A,3361.74,13
2025-08-05,C212,APAC,Product B,2510.26,11
2025-08-05,C51,EMEA,Product C,654.17,5
2025-08-05,C284,APAC,Product A,3780.21,4
2025-08-05,C198,APAC,Product C,1417.12,11
2025-08-05,C254,APAC,Product A,1223.78,5
2025-08-05,C298,APAC,Product C,1521.72,3
2025-08-05,C13,EMEA,Product B,895.42,1
2025-08-05,C398,APAC,Product B,475.4,4
2025-08-05,C22,APAC,Product C,898.35,2
2025-08-06,C339,Americas,Product A,2925.2,2
2025-08-06,C383,APAC,Product C,3567.63,4
2025-08-06,C144,EMEA,Product B,2809.17,8
2025-08-06,C145,APAC,Product A,2854.04,10
2025-08-06,C17,Americas,Product A,2820.35,6
2025-08-06,C48,Americas,Product B,1928.39,10
2025-08-06,C175,APAC,Product B,1033.11,13
2025-08-06,C206,APAC,Product B,2431.04,1
2025-08-06,C384,EMEA,Product C,1397.01,14
2025-08-06,C342,EMEA,Product B,749.14,5
2025-08-07,C233,APAC,Product B,937.73,2
2025-08-07,C122,APAC,Product A,3498.81,12
2025-08-07,C137,Americas,Product B,572.83,9
2025-08-07,C6,APAC,Product A,1555.8,10
2025-08-07,C180,APAC,Product B,4365.0,1
2025-08-07,C366,Americas,Product B,927.85,13
2025-08-07,C180,APAC,Product B,4258.09,3
2025-08-07,C256,Americas,Product B,3620.64,6
2025-08-07,C136,Americas,Product B,4067.85,10
2025-08-07,C296,APAC,Product A,1838.44,14
2025-08-07,C208,EMEA,Product B,3032.07,14
2025-08-07,C22,APAC,Product C,1463.57,6
2025-08-07,C217,EMEA,Product C,1293.64,12
2025-08-07,C150,EMEA,Product C,2960.35,4
2025-08-08,C340,EMEA,Product A,912.12,1
2025-08-08,C62,EMEA,Product C,2869.5,1
2025-08-08,C21,Americas,Product B,1519.27,5
2025-08-08,C184,Americas,Product C,1292.08,12
2025-08-08,C245,EMEA,Product B,3072.99,9
2025-08-08,C219,EMEA,Product B,1938.49,2
2025-08-08,C320,APAC,Product A,2815.82,9
2025-08-08,C115,Americas,Product B,3152.84,8
2025-08-08,C129,Americas,Product B,2418.8,3
2025-08-08,C296,APAC,Product B,4354.23,14
2025-08-09,C115,Americas,Product B,1570.87,5
2025-08-09,C32,APAC,Product C,1341.44,12
2025-08-09,C263,Americas,Product B,4410.08,13
2025-08-09,C260,EMEA,Product C,670.53,5
2025-08-09,C231,Americas,Product C,3544.53,7
2025-08-09,C243,Americas,Product A,491.85,7
2025-08-09,C204,APAC,Product A,806.62,13
2025-08-09,C353,Americas,Product A,2421.36,8
2025-08-09,C309,EMEA,Product A,2721.8,4
2025-08-09,C332,EMEA,Product B,4448.36,2
2025-08-09,C388,EMEA,Product A,2085.29,7
2025-08-09,C343,APAC,Product A,1844.49,3
2025-08-09,C252,EMEA,Product A,2839.99,11
2025-08-10,C180,APAC,Product B,1469.14,13
2025-08-10,C382,EMEA,Product C,2106.44,2
2025-08-10,C73,APAC,Product C,436.59,4
2025-08-10,C388,Americas,Product A,3055.98,11
2025-08-10,C310,Americas,Product A,3668.1,12
2025-08-10,C66,Americas,Product C,3769.99,6
2025-08-10,C118,Americas,Product B,2148.29,4
2025-08-10,C231,Americas,Product B,3639.29,10
2025-08-10,C177,Americas,Product B,645.96,7
2025-08-10,C361,EMEA,Product B,3358.08,5
2025-08-10,C327,EMEA,Product B,2747.16,14
2025-08-10,C367,Americas,Product A,3954.36,11
2025-08-10,C333,EMEA,Product A,2462.09,10
2025-08-10,C379,Americas,Product C,2656.21,2
2025-08-10,C59,APAC,Product C,977.41,10
2025-08-11,C50,APAC,Product A,1307.67,6
2025-08-11,C384,EMEA,Product A,1069.94,5
2025-08-11,C119,EMEA,Product B,2850.2,5
2025-08-11,C79,Americas,Product C,3055.85,1
2025-08-11,C398,APAC,Product C,2885.96,10
2025-08-11,C130,Americas,Product A,4451.29,7
2025-08-11,C398,APAC,Product C,1778.07,7
2025-08-11,C322,EMEA,Product A,4314.59,12
2025-08-11,C366,Americas,Product B,1253.88,10
2025-08-11,C29,APAC,Product B,1771.22,13
2025-08-11,C97,Americas,Product C,1888.27,8
2025-08-11,C323,EMEA,Product C,4257.24,10
2025-08-11,C194,EMEA,Product B,3767.75,10
2025-08-11,C356,EMEA,Product A,2607.64,12
2025-08-11,C58,APAC,Product A,4373.88,11
2025-08-11,C92,APAC,Product A,2215.68,4
2025-08-11,C14,Americas,Product C,4445.41,7
2025-08-11,C42,EMEA,Product B,2283.16,9
2025-08-12,C195,Americas,Product B,3156.09,13
2025-08-12,C295,Americas,Product B,4208.59,14
2025-08-12,C264,APAC,Product C,4179.4,5
2025-08-12,C378,EMEA,Product B,2898.17,1
2025-08-12,C88,Americas,Product A,3599.51,9
2025-08-12,C98,Americas,Product B,2882.02,7
2025-08-12,C323,EMEA,Product A,3443.92,2
2025-08-12,C104,APAC,Product B,900.5,13
2025-08-12,C163,Americas,Product C,3287.56,1
2025-08-12,C215,Americas,Product B,3544.39,4
2025-08-12,C101,EMEA,Product C,4387.08,3
2025-08-12,C316,Americas,Product C,1404.21,3
2025-08-12,C180,APAC,Product B,1815.85,12
2025-08-12,C231,Americas,Product C,2718.0,3
2025-08-13,C83,APAC,Product C,539.73,1
2025-08-13,C159,EMEA,Product A,1919.13,3
2025-08-13,C64,EMEA,Product B,2971.21,3
2025-08-13,C257,APAC,Product B,2377.63,7
2025-08-13,C120,APAC,Product C,2159.82,2
2025-08-13,C369,Americas,Product C,2545.54,14
2025-08-13,C247,APAC,Product A,3905.19,2
2025-08-13,C128,APAC,Product A,2348.95,10
2025-08-13,C297,APAC,Product B,4113.82,14
2025-08-13,C28,Americas,Product A,2678.74,11
2025-08-13,C305,EMEA,Product A,1680.91,3
2025-08-13,C134,APAC,Product B,410.64,9
2025-08-13,C162,EMEA,Product B,2648.5,4
2025-08-13,C353,Americas,Product B,4165.64,2
2025-08-13,C125,EMEA,Product C,1221.18,12
2025-08-13,C397,Americas,Product A,2698.82,7
2025-08-13,C134,Americas,Product B,3509.4,14
2025-08-13,C346,EMEA,Product A,667.28,6
2025-08-14,C173,Americas,Product A,4087.0,2
2025-08-14,C250,EMEA,Product B,3627.25,5
2025-08-14,C68,Americas,Product A,1928.75,2
2025-08-14,C236,EMEA,Product A,3247.96,13
2025-08-14,C24,APAC,Product A,2383.85,7
2025-08-14,C171,APAC,Product C,3231.24,2
2025-08-14,C143,Americas,Product A,3224.16,1
2025-08-14,C115,Americas,Product A,3772.53,12
2025-08-15,C112,EMEA,Product C,2746.86,12
2025-08-15,C61,APAC,Product C,1145.5,10
2025-08-15,C305,EMEA,Product A,3724.73,6
2025-08-15,C312,EMEA,Product C,797.15,8
2025-08-15,C180,APAC,Product A,4060.53,14
2025-08-15,C115,Americas,Product B,2523.29,14
2025-08-15,C141,Americas,Product C,818.89,13
2025-08-15,C196,Americas,Product B,1040.96,5
2025-08-15,C361,EMEA,Product B,3715.85,2
2025-08-15,C297,APAC,Product A,2363.67,1
2025-08-15,C97,Americas,Product B,3915.45,9
2025-08-16,C247,APAC,Product A,2056.45,10
2025-08-16,C260,EMEA,Product C,3419.1,11
2025-08-16,C350,APAC,Product B,4323.29,1
2025-08-16,C131,APAC,Product A,2804.88,8
2025-08-16,C398,Americas,Product C,1582.6,14
2025-08-16,C61,APAC,Product C,2662.31,4
2025-08-16,C22,APAC,Product C,2320.98,1
2025-08-16,C236,APAC,Product B,1126.89,7
2025-08-16,C105,EMEA,Product C,3250.58,14
2025-08-16,C203,EMEA,Product A,3557.09,12
2025-08-16,C308,Americas,Product B,1355.11,10
2025-08-16,C363,Americas,Product C,2710.37,14
2025-08-16,C321,Americas,Product A,2489.12,13
2025-08-16,C164,EMEA,Product C,3670.59,11
2025-08-17,C184,Americas,Product C,1650.1,2
2025-08-17,C332,EMEA,Product B,1034.91,13
2025-08-17,C280,APAC,Product A,929.0,5
2025-08-17,C98,Americas,Product B,757.94,8
2025-08-17,C343,APAC,Product C,2105.91,13
2025-08-17,C382,EMEA,Product C,2836.16,8
2025-08-17,C111,Americas,Product C,521.59,5
2025-08-17,C193,APAC,Product C,2507.8,13
2025-08-17,C362,Americas,Product B,1875.03,9
2025-08-17,C182,Americas,Product C,598.59,8
2025-08-17,C325,APAC,Product A,1421.79,13
2025-08-17,C173,Americas,Product A,2898.17,2
2025-08-17,C287,APAC,Product B,3812.53,3
2025-08-17,C21,Americas,Product B,1430.93,9
2025-08-17,C260,Americas,Product C,2792.33,8
2025-08-17,C9,APAC,Product B,3592.39,1
2025-08-18,C360,EMEA,Product C,3158.55,13
2025-08-18,C36,EMEA,Product A,1280.12,6
2025-08-18,C134,APAC,Product B,3184.17,6
2025-08-18,C64,Americas,Product B,551.81,10
2025-08-18,C62,APAC,Product C,575.86,5
2025-08-18,C129,APAC,Product B,3168.9,11
2025-08-18,C205,Americas,Product A,1329.82,2
2025-08-18,C95,APAC,Product A,3575.74,11
2025-08-18,C317,EMEA,Product C,3844.8,4
2025-08-18,C265,Americas,Product C,2832.79,9
2025-08-18,C352,EMEA,Product B,3303.44,9
2025-08-19,C248,APAC,Product C,1709.57,2
2025-08-19,C66,APAC,Product B,2191.7,2
2025-08-19,C329,EMEA,Product A,2052.96,5
2025-08-19,C382,EMEA,Product C,4290.72,3
2025-08-19,C95,APAC,Product A,1505.88,2
2025-08-19,C376,EMEA,Product C,486.36,5
2025-08-19,C386,APAC,Product B,4264.1,7
2025-08-19,C349,EMEA,Product A,2813.84,8
2025-08-19,C77,EMEA,Product B,3951.65,9
2025-08-19,C278,EMEA,Product B,4248.92,5
2025-08-19,C277,EMEA,Product C,2510.41,8
2025-08-19,C19,EMEA,Product C,3916.99,8
2025-08-19,C241,EMEA,Product C,2454.68,4
2025-08-19,C32,EMEA,Product C,2674.29,14
2025-08-19,C328,Americas,Product B,2968.22,10
2025-08-19,C347,APAC,Product C,2807.16,13
2025-08-19,C301,APAC,Product C,1402.49,12
2025-08-19,C378,Americas,Product A,1438.57,6
2025-08-20,C163,Americas,Product C,3162.24,14
2025-08-20,C208,Americas,Product B,733.29,4
2025-08-20,C92,EMEA,Product C,3970.91,9
2025-08-20,C232,Americas,Product A,2407.42,13
2025-08-20,C57,APAC,Product C,461.38,4
2025-08-20,C341,APAC,Product B,3092.54,8
2025-08-20,C130,EMEA,Product C,4094.4,3
2025-08-20,C347,EMEA,Product B,4086.3,3
2025-08-20,C89,EMEA,Product B,3709.75,1
2025-08-21,C60,Americas,Product A,3499.95,14
2025-08-21,C120,APAC,Product C,2113.04,6
2025-08-21,C304,APAC,Product B,763.67,5
2025-08-21,C139,Americas,Product B,4183.49,10
2025-08-21,C375,Americas,Product A,3755.93,2
2025-08-21,C94,EMEA,Product C,1812.91,3
2025-08-21,C238,EMEA,Product C,3848.96,6
2025-08-22,C10,Americas,Product A,1925.99,10
2025-08-22,C383,EMEA,Product C,3960.17,6
2025-08-22,C276,EMEA,Product C,3419.6,11
2025-08-22,C103,EMEA,Product B,3662.51,2
2025-08-22,C308,Americas,Product B,3423.47,3
2025-08-22,C352,EMEA,Product B,1291.9,13
2025-08-23,C94,EMEA,Product A,2318.9,10
2025-08-23,C92,APAC,Product C,1732.51,14
2025-08-23,C331,Americas,Product A,2726.98,3
2025-08-23,C396,EMEA,Product C,1966.56,5
2025-08-23,C143,Americas,Product A,491.25,7
2025-08-23,C202,EMEA,Product B,3426.24,6
2025-08-23,C39,Americas,Product B,1629.77,9
2025-08-23,C393,EMEA,Product C,744.18,13
2025-08-23,C163,Americas,Product B,2062.51,1
2025-08-23,C216,APAC,Product B,720.85,10
2025-08-23,C39,Americas,Product B,1550.31,14
2025-08-23,C214,EMEA,Product B,3144.91,2
2025-08-24,C203,APAC,Product A,1757.66,4
2025-08-24,C364,Americas,Product B,3801.26,11
2025-08-24,C36,EMEA,Product A,3493.27,12
2025-08-24,C97,Americas,Product C,787.66,2
2025-08-24,C40,Americas,Product A,1470.3,9
2025-08-24,C157,Americas,Product C,2068.59,7
2025-08-24,C11,APAC,Product C,2425.48,10
2025-08-24,C122,APAC,Product A,2016.68,1
2025-08-24,C109,APAC,Product A,1275.85,4
2025-08-24,C258,EMEA,Product B,866.53,3
2025-08-24,C312,EMEA,Product A,3869.85,10
2025-08-24,C135,APAC,Product C,4443.56,13
2025-08-24,C381,EMEA,Product B,3442.01,3
2025-08-24,C60,Americas,Product A,1672.58,11
2025-08-24,C10,Americas,Product A,1002.68,4
2025-08-24,C96,Americas,Product B,4323.48,10
2025-08-25,C91,Americas,Product C,1050.56,12
2025-08-25,C33,Americas,Product B,4225.58,11
2025-08-25,C24,APAC,Product C,2640.15,1
2025-08-25,C156,EMEA,Product A,3002.06,11
2025-08-25,C386,APAC,Product B,659.22,1
2025-08-25,C112,EMEA,Product C,799.78,10
2025-08-25,C147,EMEA,Product C,990.16,2
2025-08-25,C48,Americas,Product C,2681.32,8
2025-08-25,C367,Americas,Product A,4203.04,4
2025-08-25,C115,Americas,Product A,1710.6,13
2025-08-25,C150,EMEA,Product A,1172.77,1
2025-08-25,C386,APAC,Product B,2135.21,2
2025-08-25,C222,Americas,Product A,801.91,12
2025-08-25,C79,Americas,Product B,4116.69,4
2025-08-25,C357,EMEA,Product A,3119.56,13
2025-08-25,C168,APAC,Product C,1133.82,10
2025-08-25,C54,EMEA,Product B,4026.77,12
2025-08-25,C304,EMEA,Product B,1305.59,6
2025-08-25,C35,APAC,Product A,599.09,3
2025-08-26,C244,Americas,Product A,4263.52,11
2025-08-26,C175,APAC,Product B,2148.35,6
2025-08-26,C180,Americas,Product B,4374.98,12
2025-08-26,C350,APAC,Product B,2984.73,12
2025-08-26,C308,Americas,Product B,771.54,12
2025-08-26,C166,Americas,Product B,2380.72,4
2025-08-26,C318,Americas,Product A,3030.66,7
2025-08-26,C115,Americas,Product B,1475.11,11
2025-08-26,C221,APAC,Product A,4045.23,13
2025-08-26,C372,EMEA,Product B,2556.46,9
2025-08-26,C5,APAC,Product B,3390.46,6
2025-08-26,C19,EMEA,Product A,1444.77,4
2025-08-26,C49,APAC,Product B,717.03,11
2025-08-26,C94,APAC,Product A,1498.8,7
2025-08-27,C185,EMEA,Product C,2277.68,10
2025-08-27,C107,APAC,Product C,1916.3,1
2025-08-27,C126,APAC,Product C,933.11,11
2025-08-27,C287,APAC,Product B,1117.59,9
2025-08-27,C101,EMEA,Product B,3570.06,11
2025-08-27,C180,APAC,Product B,1181.88,7
2025-08-27,C147,APAC,Product C,3419.45,12
2025-08-27,C229,EMEA,Product A,1063.85,14
2025-08-27,C249,Americas,Product A,4262.87,2
2025-08-27,C306,APAC,Product A,3960.11,6
2025-08-27,C283,Americas,Product A,3123.33,4
2025-08-27,C353,Americas,Product A,2935.44,7
2025-08-27,C117,EMEA,Product A,2201.51,7
2025-08-27,C317,EMEA,Product C,3702.72,14
2025-08-27,C346,EMEA,Product C,1535.91,1
2025-08-27,C30,EMEA,Product C,4287.26,12
2025-08-27,C116,Americas,Product B,2925.35,12
2025-08-28,C269,EMEA,Product A,3180.04,2
2025-08-28,C336,Americas,Product C,4170.19,14
2025-08-28,C52,EMEA,Product B,3593.5,3
2025-08-28,C378,APAC,Product C,1652.02,7
2025-08-28,C281,Americas,Product A,1359.06,11
2025-08-28,C377,Americas,Product C,2208.65,10
2025-08-28,C308,Americas,Product C,4488.43,14
2025-08-28,C14,Americas,Product C,1364.55,12
2025-08-28,C330,APAC,Product A,1342.49,3
2025-08-28,C232,Americas,Product A,1777.97,14
2025-08-28,C363,Americas,Product C,3053.97,11
2025-08-28,C359,Americas,Product C,708.33,14
2025-08-28,C316,APAC,Product C,721.37,12
2025-08-28,C362,Americas,Product C,3535.85,14
2025-08-28,C222,APAC,Product A,600.08,8
2025-08-28,C31,EMEA,Product A,1041.54,5
2025-08-28,C364,EMEA,Product C,1058.82,8
2025-08-28,C8,EMEA,Product A,2389.23,11
2025-08-28,C125,EMEA,Product C,429.19,9
2025-08-28,C189,EMEA,Product A,3676.44,4
2025-08-29,C315,Americas,Product C,4498.11,8
2025-08-29,C277,EMEA,Product C,1622.46,6
2025-08-29,C315,APAC,Product A,4486.43,14
2025-08-29,C227,APAC,Product B,2040.37,7
2025-08-29,C48,Americas,Product B,4413.21,9
2025-08-29,C315,APAC,Product C,3945.55,12
2025-08-29,C16,Americas,Product C,2339.2,9
2025-08-29,C344,Americas,Product C,2554.01,12
2025-08-29,C87,APAC,Product C,4272.63,12
2025-08-29,C321,APAC,Product A,4327.19,3
2025-08-29,C389,Americas,Product B,1502.86,12
2025-08-29,C209,APAC,Product A,727.76,9
2025-08-29,C182,APAC,Product B,2987.98,8
2025-08-29,C6,APAC,Product A,3862.21,7
2025-08-29,C72,Americas,Product C,4294.63,6
2025-08-30,C378,APAC,Product A,2987.29,12
2025-08-30,C345,Americas,Product A,2371.86,1
2025-08-30,C197,Americas,Product B,1846.93,7
2025-08-30,C62,EMEA,Product C,3476.33,10
2025-08-30,C271,Americas,Product A,3255.67,14
2025-08-30,C101,EMEA,Product B,637.58,1
2025-08-30,C98,Americas,Product B,3549.38,6
2025-08-30,C358,APAC,Product B,4121.14,12
2025-08-30,C250,EMEA,Product B,2085.19,8
2025-08-30,C364,APAC,Product B,2612.92,11
2025-08-30,C327,APAC,Product B,1773.02,10
2025-08-30,C121,Americas,Product B,1113.48,3
2025-08-30,C21,Americas,Product B,1078.7,3
2025-08-30,C123,Americas,Product B,4080.05,7
2025-08-30,C321,APAC,Product A,2018.34,1
2025-08-31,C306,EMEA,Product A,2327.71,10
2025-08-31,C294,APAC,Product A,1028.55,4
2025-08-31,C222,Americas,Product A,3318.73,9
2025-08-31,C300,APAC,Product C,536.58,6
2025-08-31,C175,APAC,Product B,1671.01,4
2025-08-31,C70,APAC,Product A,3284.21,7
2025-08-31,C292,EMEA,Product C,1868.05,11
2025-08-31,C241,EMEA,Product C,2453.89,3
2025-08-31,C29,APAC,Product B,2394.81,9
2025-08-31,C115,Americas,Product B,1893.96,9
2025-09-01,C224,Americas,Product A,4181.33,5
2025-09-01,C100,EMEA,Product C,3209.86,13
2025-09-01,C282,EMEA,Product C,4481.2,1
2025-09-01,C66,Americas,Product A,4150.98,12
2025-09-01,C53,APAC,Product B,3845.02,8
2025-09-01,C144,Americas,Product A,1749.41,11
2025-09-01,C150,EMEA,Product B,977.39,3
2025-09-01,C129,Americas,Product B,404.84,3
2025-09-01,C111,EMEA,Product C,1445.47,1
2025-09-01,C158,APAC,Product A,1150.3,12
2025-09-01,C48,Americas,Product B,594.18,4
2025-09-02,C26,EMEA,Product B,3725.32,10
2025-09-02,C71,EMEA,Product B,3346.54,11
2025-09-02,C300,APAC,Product C,1379.8,9
2025-09-02,C170,Americas,Product C,2113.25,12
2025-09-02,C198,EMEA,Product A,3241.14,7
2025-09-02,C371,Americas,Product B,2432.4,14
2025-09-02,C319,Americas,Product C,2200.06,8
2025-09-02,C286,APAC,Product B,3419.51,12
2025-09-02,C315,APAC,Product A,2886.27,11
2025-09-02,C202,EMEA,Product A,888.23,4
2025-09-03,C215,EMEA,Product C,1795.19,3
2025-09-03,C192,Americas,Product B,1555.74,5
2025-09-03,C165,APAC,Product B,2248.27,10
2025-09-03,C27,Americas,Product C,1188.43,13
2025-09-03,C180,APAC,Product B,4270.88,14
2025-09-03,C48,Americas,Product B,4255.84,13
2025-09-03,C257,Americas,Product C,916.88,10
2025-09-03,C363,Americas,Product C,888.05,6
2025-09-03,C253,EMEA,Product B,2098.1,1
2025-09-03,C225,APAC,Product A,2520.01,13
2025-09-03,C160,EMEA,Product A,3584.85,9
2025-09-03,C139,Americas,Product B,4358.92,8
2025-09-03,C343,APAC,Product C,869.42,9
2025-09-04,C72,Americas,Product C,501.3,13
2025-09-04,C127,Americas,Product A,4108.71,11
2025-09-04,C325,APAC,Product A,3148.88,5
2025-09-04,C348,Americas,Product B,3763.19,3
2025-09-04,C240,Americas,Product B,895.34,1
2025-09-04,C45,APAC,Product C,2973.18,2
2025-09-04,C111,EMEA,Product A,2294.52,2
2025-09-04,C141,Americas,Product B,3025.77,3
2025-09-04,C137,APAC,Product B,2228.93,6
2025-09-04,C389,EMEA,Product B,2977.14,3
2025-09-04,C335,APAC,Product C,3005.94,12
2025-09-04,C375,APAC,Product C,1941.22,2
2025-09-04,C32,APAC,Product C,721.53,6
2025-09-04,C75,EMEA,Product B,4437.87,13
2025-09-04,C398,APAC,Product C,2613.75,8
2025-09-05,C65,Americas,Product A,3561.67,12
2025-09-05,C243,EMEA,Product A,2895.68,12
2025-09-05,C143,Americas,Product A,2801.14,4
2025-09-05,C301,APAC,Product C,695.41,8
2025-09-05,C313,Americas,Product C,2319.19,1
2025-09-05,C28,Americas,Product A,1637.42,13
2025-09-05,C392,APAC,Product C,1859.17,12
2025-09-05,C397,Americas,Product A,1899.45,10
2025-09-05,C134,APAC,Product B,3863.77,6
2025-09-05,C220,APAC,Product B,1698.71,4
2025-09-05,C47,Americas,Product B,1621.54,8
2025-09-05,C59,APAC,Product C,1355.95,12
2025-09-05,C153,APAC,Product C,2806.06,10
2025-09-05,C147,EMEA,Product C,614.61,10
2025-09-05,C372,APAC,Product A,3505.29,11
2025-09-05,C150,EMEA,Product C,3322.65,9
2025-09-05,C275,APAC,Product A,2252.36,2
2025-09-05,C265,Americas,Product C,3529.31,10
2025-09-05,C24,APAC,Product C,2026.96,4
2025-09-05,C276,EMEA,Product B,2004.06,1
2025-09-05,C256,Americas,Product B,437.15,7
2025-09-06,C374,APAC,Product C,1126.49,14
2025-09-06,C394,Americas,Product B,1280.4,2
2025-09-06,C243,EMEA,Product A,3039.89,10
2025-09-06,C130,Americas,Product C,3542.17,3
2025-09-06,C389,Americas,Product B,713.25,10
2025-09-06,C61,APAC,Product A,4064.08,14
2025-09-06,C316,Americas,Product C,4317.87,8
2025-09-06,C184,Americas,Product C,1778.0,13
2025-09-06,C134,APAC,Product C,3741.24,5
2025-09-06,C298,APAC,Product C,2078.13,5
2025-09-06,C324,EMEA,Product B,3320.95,6
2025-09-07,C249,Americas,Product C,1196.84,7
2025-09-07,C261,Americas,Product B,1109.22,3
2025-09-07,C348,EMEA,Product B,2376.88,14
2025-09-07,C108,APAC,Product C,637.38,8
2025-09-07,C205,Americas,Product A,2207.99,9
2025-09-07,C51,APAC,Product C,911.91,7
2025-09-07,C174,Americas,Product C,2859.94,12
2025-09-07,C209,APAC,Product A,1963.52,14
2025-09-07,C60,Americas,Product A,2605.08,2
2025-09-07,C396,EMEA,Product C,428.31,13
2025-09-07,C54,EMEA,Product B,3634.37,14
2025-09-08,C175,APAC,Product B,3371.9,13
2025-09-08,C144,EMEA,Product C,1643.45,3
2025-09-08,C157,Americas,Product B,3750.76,6
2025-09-08,C257,APAC,Product C,1766.3,1
2025-09-08,C117,APAC,Product B,2740.62,7
2025-09-08,C367,Americas,Product A,1413.59,13
2025-09-08,C185,EMEA,Product B,2111.5,1
2025-09-08,C323,EMEA,Product C,1294.45,13
2025-09-08,C206,APAC,Product A,3554.67,3
2025-09-08,C49,APAC,Product C,2234.12,14
2025-09-08,C189,EMEA,Product A,2927.26,1
2025-09-08,C151,EMEA,Product C,2605.19,4
2025-09-08,C21,Americas,Product B,2422.65,12
2025-09-08,C48,Americas,Product B,2671.12,2
2025-09-09,C91,Americas,Product B,4022.37,7
2025-09-09,C397,Americas,Product A,2277.63,12
2025-09-09,C304,APAC,Product C,2798.66,4
2025-09-09,C180,APAC,Product B,3498.02,6
2025-09-09,C368,APAC,Product C,888.0,10
2025-09-09,C109,Americas,Product C,4049.02,9
2025-09-09,C326,Americas,Product C,1577.45,2
2025-09-09,C60,EMEA,Product A,2101.31,9
2025-09-09,C316,Americas,Product C,3581.78,14
2025-09-09,C225,EMEA,Product C,667.56,9
2025-09-09,C210,APAC,Product B,1378.65,13
2025-09-09,C348,Americas,Product B,519.23,3
2025-09-09,C391,Americas,Product A,1907.94,7
2025-09-09,C315,APAC,Product A,2059.83,12
2025-09-09,C204,APAC,Product B,1465.86,2
2025-09-10,C214,EMEA,Product B,928.53,7
2025-09-10,C200,EMEA,Product B,833.08,2
2025-09-10,C76,APAC,Product B,2420.55,7
2025-09-10,C98,Americas,Product B,3046.77,12
2025-09-10,C202,APAC,Product B,3857.27,6
2025-09-10,C169,Americas,Product B,1353.83,10
2025-09-10,C34,EMEA,Product A,4491.82,14
2025-09-10,C31,APAC,Product A,3341.67,2
2025-09-10,C44,EMEA,Product C,793.6,14
2025-09-10,C379,Americas,Product C,3542.04,4
2025-09-10,C10,Americas,Product C,816.16,7
2025-09-11,C37,Americas,Product B,4426.18,12
2025-09-11,C142,APAC,Product C,611.86,8
2025-09-11,C60,Americas,Product A,3957.4,9
2025-09-11,C378,EMEA,Product A,1727.35,5
2025-09-11,C69,APAC,Product B,2114.54,2
2025-09-11,C396,EMEA,Product C,1571.41,8
2025-09-11,C231,APAC,Product C,4321.97,11
2025-09-11,C243,EMEA,Product A,3831.65,9
2025-09-11,C268,Americas,Product C,994.02,7
2025-09-11,C42,EMEA,Product A,4293.5,11
2025-09-11,C59,EMEA,Product C,2197.23,7
2025-09-12,C194,EMEA,Product B,1869.09,5
2025-09-12,C359,Americas,Product C,3384.18,14
2025-09-12,C377,Americas,Product A,1958.4,10
2025-09-12,C398,APAC,Product C,1440.44,14
2025-09-12,C350,APAC,Product B,2688.79,7
2025-09-12,C34,EMEA,Product A,970.13,6
2025-09-12,C166,Americas,Product A,487.76,2
2025-09-12,C247,APAC,Product C,3852.6,5
2025-09-12,C221,Americas,Product B,618.53,4
2025-09-12,C345,Americas,Product A,1932.98,14
2025-09-12,C105,EMEA,Product C,2703.69,10
2025-09-12,C264,APAC,Product A,2164.02,5
2025-09-12,C177,Americas,Product A,3219.13,3
2025-09-12,C283,Americas,Product B,569.55,5
2025-09-12,C98,Americas,Product C,2512.03,4
2025-09-12,C186,EMEA,Product C,1676.4,6
2025-09-12,C288,APAC,Product A,3288.62,6
2025-09-13,C127,EMEA,Product A,1431.21,9
2025-09-13,C121,APAC,Product C,1772.62,12
2025-09-13,C166,Americas,Product A,1403.17,4
2025-09-13,C147,EMEA,Product B,2581.76,10
2025-09-13,C167,EMEA,Product A,707.28,10
2025-09-13,C333,APAC,Product B,1188.93,8
2025-09-13,C127,Americas,Product B,3776.3,13
2025-09-13,C245,EMEA,Product A,2020.04,11
2025-09-13,C338,Americas,Product A,4310.03,3
2025-09-13,C129,Americas,Product B,2586.03,4
2025-09-13,C118,Americas,Product B,1227.54,3
2025-09-13,C292,EMEA,Product B,750.02,5
2025-09-13,C250,EMEA,Product B,1889.22,3
2025-09-13,C260,Americas,Product A,2008.28,14
2025-09-13,C52,Americas,Product B,1347.58,3
2025-09-13,C169,APAC,Product B,3661.5,11
2025-09-14,C145,APAC,Product A,3130.44,1
2025-09-14,C141,Americas,Product C,1972.15,10
2025-09-14,C112,EMEA,Product A,853.1,3
2025-09-14,C292,Americas,Product B,2524.44,9
2025-09-14,C46,EMEA,Product B,745.49,4
2025-09-14,C129,APAC,Product B,1038.41,1
2025-09-14,C136,Americas,Product B,4151.16,13
2025-09-14,C308,Americas,Product B,4123.34,11
2025-09-14,C69,APAC,Product C,1231.69,11
2025-09-14,C8,Americas,Product A,3523.59,9
2025-09-14,C205,Americas,Product A,1158.83,10
2025-09-14,C233,Americas,Product A,740.83,11
2025-09-15,C168,APAC,Product A,4165.14,11
2025-09-15,C341,APAC,Product C,2626.29,5
2025-09-15,C196,APAC,Product B,1397.82,6
2025-09-15,C183,APAC,Product B,1921.59,9
2025-09-15,C224,Americas,Product A,1631.11,6
2025-09-15,C101,EMEA,Product B,2904.41,7
2025-09-15,C65,Americas,Product C,1588.2,12
2025-09-15,C112,EMEA,Product A,2294.36,1
2025-09-15,C258,EMEA,Product B,3191.25,14
2025-09-15,C169,APAC,Product C,3894.13,6
2025-09-15,C197,Americas,Product B,2986.97,2
2025-09-15,C160,APAC,Product A,986.14,9
2025-09-16,C332,EMEA,Product B,1842.97,5
2025-09-16,C141,Americas,Product B,4147.85,5
2025-09-16,C60,Americas,Product B,1571.41,11
2025-09-16,C64,APAC,Product B,3612.81,14
2025-09-16,C252,EMEA,Product A,1036.9,1
2025-09-16,C167,EMEA,Product A,2375.71,7
2025-09-17,C54,EMEA,Product B,3850.27,13
2025-09-17,C384,EMEA,Product A,1386.26,9
2025-09-17,C241,EMEA,Product C,3718.12,3
2025-09-17,C4,EMEA,Product C,2534.79,13
2025-09-17,C217,EMEA,Product B,2950.01,7
2025-09-17,C82,Americas,Product B,2199.44,13
2025-09-17,C90,APAC,Product B,3068.85,2
2025-09-17,C99,Americas,Product A,3689.54,7
2025-09-17,C375,Americas,Product C,1261.15,13
2025-09-17,C381,EMEA,Product B,583.22,12
2025-09-17,C195,Americas,Product C,1817.68,3
2025-09-17,C23,APAC,Product A,3357.25,3
2025-09-17,C98,Americas,Product B,2237.92,11
2025-09-17,C378,APAC,Product A,2645.45,3
2025-09-17,C155,APAC,Product C,3446.45,7
2025-09-17,C220,APAC,Product B,4248.47,14
2025-09-17,C238,EMEA,Product C,4065.66,2
2025-09-17,C117,EMEA,Product B,4337.3,9
2025-09-17,C206,APAC,Product B,4252.45,13
2025-09-17,C225,EMEA,Product B,4385.93,7
2025-09-18,C286,APAC,Product B,1966.17,14
2025-09-18,C63,APAC,Product A,957.58,4
2025-09-18,C398,APAC,Product C,1033.01,7
2025-09-18,C248,Americas,Product B,2038.48,12
2025-09-18,C237,EMEA,Product A,3181.19,6
2025-09-18,C150,EMEA,Product B,3272.22,10
2025-09-18,C399,Americas,Product C,945.19,14
2025-09-18,C69,APAC,Product B,3722.31,11
2025-09-18,C294,APAC,Product C,2374.87,14
2025-09-18,C62,APAC,Product C,719.74,4
2025-09-19,C383,Americas,Product C,967.93,13
2025-09-19,C237,APAC,Product C,2486.05,4
2025-09-19,C9,APAC,Product A,437.31,1
2025-09-19,C105,EMEA,Product C,3383.16,14
2025-09-19,C24,EMEA,Product A,2209.87,4
2025-09-19,C336,Americas,Product A,1186.68,7
2025-09-19,C59,APAC,Product C,1629.5,13
2025-09-19,C220,APAC,Product B,4171.15,9
2025-09-19,C131,APAC,Product A,712.89,6
2025-09-19,C249,Americas,Product B,1149.7,11
2025-09-19,C228,APAC,Product A,487.78,12
2025-09-19,C198,APAC,Product A,3776.71,11
2025-09-19,C229,APAC,Product A,2579.92,11
2025-09-19,C282,EMEA,Product B,3153.17,3
2025-09-19,C225,EMEA,Product A,504.42,8
2025-09-19,C377,APAC,Product B,3903.61,14
2025-09-19,C156,EMEA,Product A,3857.08,3
2025-09-19,C110,APAC,Product C,4432.77,3
2025-09-19,C376,EMEA,Product C,1524.45,9
2025-09-20,C24,APAC,Product C,3563.8,5
2025-09-20,C349,EMEA,Product A,4135.17,3
2025-09-20,C128,Americas,Product B,2655.43,5
2025-09-20,C82,Americas,Product C,2298.71,1
2025-09-20,C141,Americas,Product A,3217.89,8
2025-09-20,C69,EMEA,Product B,4149.77,1
2025-09-20,C167,EMEA,Product A,4479.33,5
2025-09-20,C168,APAC,Product C,1187.21,11
2025-09-20,C202,EMEA,Product B,565.41,7
2025-09-20,C376,EMEA,Product C,2056.89,7
2025-09-20,C291,Americas,Product B,1850.19,9
2025-09-21,C107,APAC,Product C,1225.38,5
2025-09-21,C88,Americas,Product B,2644.16,2
2025-09-21,C137,Americas,Product B,706.87,1
2025-09-21,C251,APAC,Product C,1435.73,10
2025-09-21,C64,EMEA,Product A,2181.38,13
2025-09-21,C311,Americas,Product B,3346.97,4
2025-09-21,C303,Americas,Product C,2349.33,13
2025-09-21,C244,EMEA,Product B,1832.18,2
2025-09-21,C333,Americas,Product B,2626.07,1
2025-09-21,C237,APAC,Product A,3188.04,3
2025-09-21,C281,Americas,Product A,4159.54,3
2025-09-21,C14,Americas,Product C,1108.35,6
2025-09-21,C111,EMEA,Product C,4279.2,6
2025-09-21,C328,Americas,Product B,3802.88,8
2025-09-21,C222,Americas,Product A,735.69,5
2025-09-21,C5,APAC,Product C,2921.39,9
2025-09-21,C25,Americas,Product B,3475.43,11
2025-09-21,C339,Americas,Product C,3442.6,2
2025-09-21,C79,Americas,Product B,4136.36,12
2025-09-21,C105,EMEA,Product C,4482.87,10
2025-09-21,C82,Americas,Product A,1648.1,8
2025-09-22,C184,Americas,Product C,2878.36,12
2025-09-22,C378,APAC,Product A,522.85,11
2025-09-22,C337,EMEA,Product B,3520.18,9
2025-09-22,C244,Americas,Product C,1061.83,8
2025-09-22,C109,APAC,Product C,906.74,12
2025-09-22,C219,EMEA,Product B,1309.79,2
2025-09-22,C169,APAC,Product B,2149.3,14
2025-09-22,C291,Americas,Product A,2220.96,12
2025-09-22,C163,Americas,Product C,2613.63,11
2025-09-22,C141,Americas,Product C,886.56,12
2025-09-22,C227,APAC,Product B,3265.41,9
2025-09-22,C137,Americas,Product B,2554.4,3
2025-09-22,C5,APAC,Product B,900.6,9
2025-09-22,C385,EMEA,Product A,2190.48,1
2025-09-22,C343,Americas,Product A,3729.91,6
2025-09-22,C316,Americas,Product C,2086.78,9
2025-09-22,C74,EMEA,Product B,3567.92,7
2025-09-22,C5,APAC,Product B,603.33,11
2025-09-23,C195,Americas,Product C,2465.02,7
2025-09-23,C72,Americas,Product C,4126.8,12
2025-09-23,C297,APAC,Product A,1158.79,5
2025-09-23,C122,APAC,Product A,3405.87,2
2025-09-23,C207,Americas,Product A,4125.65,9
2025-09-23,C336,Americas,Product A,4304.29,10
2025-09-23,C306,EMEA,Product C,2845.66,7
2025-09-23,C142,APAC,Product C,2132.79,5
2025-09-23,C64,EMEA,Product B,2063.96,5
2025-09-23,C197,Americas,Product B,4343.34,6
2025-09-23,C374,EMEA,Product C,936.82,11
2025-09-23,C44,EMEA,Product C,1113.88,12
2025-09-23,C391,Americas,Product A,2887.17,14
2025-09-23,C141,EMEA,Product C,2294.83,3
2025-09-23,C252,EMEA,Product A,2087.96,7
2025-09-23,C358,Americas,Product B,2888.71,5
2025-09-23,C392,APAC,Product A,2944.32,1
2025-09-23,C362,Americas,Product A,915.18,12
2025-09-23,C227,APAC,Product B,485.78,6
2025-09-23,C210,APAC,Product B,1400.75,10
2025-09-23,C42,EMEA,Product A,821.36,11
2025-09-23,C257,Americas,Product C,2031.41,10
2025-09-24,C116,Americas,Product B,4068.85,10
2025-09-24,C76,APAC,Product B,2535.65,3
2025-09-24,C111,EMEA,Product C,830.43,14
2025-09-24,C240,Americas,Product B,4329.1,6
2025-09-24,C357,EMEA,Product A,1861.81,10
2025-09-24,C55,Americas,Product B,3843.66,2
2025-09-24,C151,EMEA,Product C,2490.4,2
2025-09-24,C11,APAC,Product A,4078.68,5
2025-09-24,C148,APAC,Product C,3064.76,7
2025-09-24,C203,EMEA,Product A,2837.6,10
2025-09-24,C208,Americas,Product A,4316.03,9
2025-09-24,C214,EMEA,Product B,1934.26,1
2025-09-24,C292,EMEA,Product C,452.95,13
2025-09-25,C44,EMEA,Product B,4176.33,13
2025-09-25,C341,APAC,Product B,2413.58,4
2025-09-25,C95,APAC,Product A,3678.9,5
2025-09-25,C161,Americas,Product A,3160.48,14
2025-09-25,C366,Americas,Product C,2771.98,10
2025-09-25,C396,APAC,Product C,3774.64,10
2025-09-25,C288,EMEA,Product A,3548.07,12
2025-09-25,C197,Americas,Product B,1562.38,5
2025-09-25,C200,EMEA,Product B,1237.86,13
2025-09-26,C212,APAC,Product B,1334.49,9
2025-09-26,C192,Americas,Product A,2124.95,1
2025-09-26,C96,Americas,Product C,3633.09,2
2025-09-26,C155,EMEA,Product C,4125.2,5
2025-09-26,C264,APAC,Product C,2749.84,6
2025-09-26,C180,APAC,Product B,4125.09,13
2025-09-26,C346,Americas,Product A,2461.53,13
2025-09-26,C351,APAC,Product B,4039.88,7
2025-09-26,C214,EMEA,Product B,1375.56,9
2025-09-26,C194,EMEA,Product B,1481.63,8
2025-09-26,C208,Americas,Product B,1549.74,6
2025-09-26,C247,EMEA,Product C,3121.67,9
2025-09-26,C384,EMEA,Product A,4274.35,4
2025-09-27,C159,EMEA,Product A,1638.89,10
2025-09-27,C392,APAC,Product A,2045.03,13
2025-09-27,C98,Americas,Product B,4420.99,8
2025-09-27,C259,APAC,Product B,3314.23,11
2025-09-27,C381,APAC,Product B,1325.58,10
2025-09-27,C343,APAC,Product C,2436.04,14
2025-09-27,C378,EMEA,Product A,1410.09,8
2025-09-27,C305,EMEA,Product A,2275.18,6
2025-09-27,C267,APAC,Product A,3437.04,14
2025-09-27,C111,EMEA,Product A,2188.91,14
2025-09-27,C162,EMEA,Product A,2136.97,13
2025-09-27,C83,Americas,Product A,1938.11,12
2025-09-27,C216,APAC,Product B,3442.68,3
2025-09-27,C61,APAC,Product C,612.42,9
2025-09-27,C347,Americas,Product B,1755.67,6
2025-09-28,C225,EMEA,Product A,3026.55,8
2025-09-28,C287,APAC,Product A,798.34,4
2025-09-28,C378,APAC,Product A,1196.66,8
2025-09-28,C283,Americas,Product C,1667.88,5
2025-09-28,C251,APAC,Product C,852.38,13
2025-09-28,C52,APAC,Product B,2693.21,12
2025-09-28,C33,Americas,Product B,1766.3,4
2025-09-28,C329,Americas,Product A,1358.48,3
2025-09-28,C112,EMEA,Product A,3354.89,10
2025-09-28,C49,Americas,Product B,2334.22,9
2025-09-28,C158,APAC,Product A,1762.13,11
2025-09-28,C198,APAC,Product A,984.58,9
2025-09-28,C368,Americas,Product C,2957.25,12
2025-09-28,C366,Americas,Product B,4413.74,5
2025-09-28,C320,APAC,Product A,456.18,7
2025-10-01,C178,EMEA,Product A,2232.78,14
2025-10-01,C239,EMEA,Product C,3426.94,9
2025-10-01,C398,APAC,Product C,2364.15,4
2025-10-01,C202,EMEA,Product B,1755.42,2
2025-10-01,C121,Americas,Product B,1701.74,2
2025-10-01,C124,EMEA,Product A,4434.66,10
2025-10-01,C67,EMEA,Product A,3318.93,8
2025-10-01,C335,APAC,Product C,1909.6,3
2025-10-01,C259,APAC,Product B,3249.7,1
2025-10-02,C347,APAC,Product C,4366.81,14
2025-10-02,C90,APAC,Product B,3217.98,14
2025-10-02,C260,EMEA,Product C,2155.2,6
2025-10-02,C251,APAC,Product C,3945.85,13
2025-10-02,C123,Americas,Product B,3899.42,7
2025-10-02,C65,Americas,Product A,3213.29,5
2025-10-02,C188,EMEA,Product C,1880.57,11
2025-10-02,C328,Americas,Product B,3639.25,3
2025-10-02,C150,EMEA,Product C,3677.38,14
2025-10-02,C248,Americas,Product C,3057.22,11
2025-10-02,C178,EMEA,Product A,1415.01,12
2025-10-02,C276,EMEA,Product C,2099.86,12
2025-10-03,C378,APAC,Product A,2877.31,7
2025-10-03,C360,EMEA,Product C,3450.88,7
2025-10-03,C74,EMEA,Product C,2965.82,6
2025-10-03,C109,APAC,Product C,1415.06,6
2025-10-03,C280,APAC,Product B,1976.17,3
2025-10-03,C329,APAC,Product A,4034.41,6
2025-10-03,C131,APAC,Product A,882.2,2
2025-10-03,C58,EMEA,Product A,3291.41,11
2025-10-04,C116,Americas,Product B,2384.45,13
2025-10-04,C316,Americas,Product C,1294.45,13
2025-10-04,C347,APAC,Product B,2438.16,5
2025-10-04,C126,APAC,Product B,4375.6,3
2025-10-04,C205,EMEA,Product A,4164.68,8
2025-10-04,C121,Americas,Product B,2908.79,6
2025-10-04,C371,Americas,Product B,1541.35,5
2025-10-04,C364,APAC,Product B,2711.66,1
2025-10-04,C70,APAC,Product B,733.4,2
2025-10-04,C342,EMEA,Product B,3478.11,10
2025-10-04,C372,APAC,Product C,550.32,2
2025-10-04,C228,APAC,Product C,2801.76,13
2025-10-04,C71,EMEA,Product B,2517.23,11
2025-10-04,C67,APAC,Product B,1918.96,10
2025-10-04,C393,Americas,Product C,2334.16,8
2025-10-04,C14,Americas,Product C,2163.53,12
2025-10-04,C394,APAC,Product B,2893.31,5
2025-10-04,C120,APAC,Product C,1372.0,4
2025-10-04,C84,Americas,Product A,2424.02,10
2025-10-05,C109,Americas,Product C,1790.94,10
2025-10-05,C261,APAC,Product B,564.22,6
2025-10-05,C152,EMEA,Product C,1608.92,11
2025-10-05,C357,EMEA,Product A,3002.82,4
2025-10-05,C36,EMEA,Product A,719.0,10
2025-10-05,C115,Americas,Product B,3434.07,11
2025-10-05,C398,APAC,Product C,3509.91,11
2025-10-05,C120,APAC,Product B,2057.21,3
2025-10-05,C51,APAC,Product A,2752.32,6
2025-10-05,C361,EMEA,Product A,3198.99,4
2025-10-05,C129,Americas,Product C,1800.06,4
2025-10-05,C6,APAC,Product C,4057.99,9
2025-10-05,C34,EMEA,Product A,1715.24,8
2025-10-05,C177,APAC,Product A,4161.47,10
2025-10-06,C345,APAC,Product C,4346.88,9
2025-10-06,C367,Americas,Product A,1214.9,9
2025-10-06,C112,EMEA,Product B,2919.52,2
2025-10-06,C259,APAC,Product A,1731.69,4
2025-10-06,C131,Americas,Product A,3512.39,4
2025-10-06,C210,APAC,Product B,3869.86,13
2025-10-06,C194,EMEA,Product C,1293.58,13
2025-10-06,C146,APAC,Product A,2417.34,9
2025-10-06,C63,APAC,Product A,2290.49,8
2025-10-06,C274,APAC,Product A,4001.83,4
2025-10-06,C142,APAC,Product C,2339.04,1
2025-10-06,C213,EMEA,Product C,2733.15,14
2025-10-07,C135,APAC,Product C,2515.48,11
2025-10-07,C174,Americas,Product C,2041.07,5
2025-10-07,C241,EMEA,Product C,983.8,1
2025-10-07,C82,Americas,Product B,3215.23,11
2025-10-07,C35,APAC,Product A,1750.3,11
2025-10-07,C348,Americas,Product C,2907.48,13
2025-10-07,C63,APAC,Product C,632.66,3
2025-10-07,C382,EMEA,Product C,4342.16,3
2025-10-07,C354,Americas,Product A,4306.8,3
2025-10-07,C315,APAC,Product A,3650.94,12
2025-10-07,C74,EMEA,Product A,2567.09,12
2025-10-07,C383,APAC,Product C,1540.12,6
2025-10-08,C369,Americas,Product C,2833.89,2
2025-10-08,C60,Americas,Product A,3004.48,1
2025-10-08,C217,EMEA,Product B,3942.41,5
2025-10-08,C68,APAC,Product A,4484.49,4
2025-10-08,C231,APAC,Product C,2357.8,8
2025-10-08,C120,APAC,Product C,2393.1,9
2025-10-08,C99,APAC,Product A,1573.13,12
2025-10-08,C146,APAC,Product A,1960.51,14
2025-10-08,C175,APAC,Product B,590.37,4
2025-10-08,C297,APAC,Product A,4182.72,3
2025-10-09,C71,APAC,Product A,4022.12,2
2025-10-09,C173,Americas,Product A,3482.57,13
2025-10-09,C396,EMEA,Product C,3590.7,11
2025-10-09,C268,EMEA,Product C,2446.94,2
2025-10-09,C276,EMEA,Product B,2879.11,5
2025-10-09,C342,EMEA,Product A,2708.09,9
2025-10-09,C180,APAC,Product B,4125.05,5
2025-10-09,C312,EMEA,Product C,3803.75,11
2025-10-09,C241,EMEA,Product C,2228.51,3
2025-10-09,C382,EMEA,Product C,729.68,13
2025-10-09,C375,APAC,Product C,1633.14,10
2025-10-09,C346,EMEA,Product A,4201.46,5
2025-10-09,C222,Americas,Product A,1217.95,9
2025-10-09,C350,APAC,Product A,2623.98,6
2025-10-10,C137,Americas,Product B,2033.85,12
2025-10-10,C99,APAC,Product A,3716.76,13
2025-10-10,C71,EMEA,Product A,424.89,11
2025-10-10,C293,APAC,Product A,2904.58,7
2025-10-10,C182,Americas,Product C,3005.19,6
2025-10-10,C3,APAC,Product C,4424.46,11
2025-10-10,C49,APAC,Product C,440.83,6
2025-10-10,C265,Americas,Product B,3772.85,6
2025-10-10,C126,APAC,Product B,4032.2,7
2025-10-11,C61,APAC,Product B,3848.21,8
2025-10-11,C288,EMEA,Product A,3899.75,14
2025-10-11,C62,EMEA,Product B,911.6,3
2025-10-11,C366,Americas,Product B,1498.0,4
2025-10-11,C237,APAC,Product C,3698.71,10
2025-10-11,C379,Americas,Product C,4314.47,14
2025-10-11,C363,Americas,Product C,3184.89,11
2025-10-11,C273,Americas,Product A,3550.65,6
2025-10-11,C44,EMEA,Product C,3307.18,2
2025-10-11,C259,APAC,Product B,1831.82,11
2025-10-11,C116,Americas,Product B,4397.34,8
2025-10-11,C291,Americas,Product A,4403.82,4
2025-10-11,C259,APAC,Product B,3005.43,12
2025-10-11,C347,APAC,Product A,456.34,3
2025-10-11,C42,EMEA,Product A,1522.64,13
2025-10-11,C183,APAC,Product B,3723.71,6
2025-10-11,C42,Americas,Product A,2799.92,3
2025-10-11,C243,EMEA,Product A,3826.16,11
2025-10-11,C325,APAC,Product B,1036.58,6
2025-10-12,C335,APAC,Product A,1066.12,9
2025-10-12,C83,APAC,Product C,3428.5,6
2025-10-12,C70,APAC,Product B,1527.94,10
2025-10-12,C170,EMEA,Product A,1668.41,14
2025-10-12,C30,EMEA,Product A,1953.24,8
2025-10-12,C321,APAC,Product A,3827.69,2
2025-10-13,C336,EMEA,Product C,2193.78,9
2025-10-13,C96,Americas,Product C,2580.88,6
2025-10-13,C177,Americas,Product A,1468.48,4
2025-10-13,C101,EMEA,Product B,2349.22,9
2025-10-13,C224,Americas,Product A,3924.68,12
2025-10-13,C196,APAC,Product B,4274.74,11
2025-10-13,C326,Americas,Product B,2997.61,3
2025-10-13,C325,APAC,Product C,3281.97,4
2025-10-13,C141,Americas,Product C,1331.54,12
2025-10-13,C395,APAC,Product C,1247.12,13
2025-10-14,C11,APAC,Product A,2414.94,2
2025-10-14,C388,EMEA,Product A,1536.07,9
2025-10-14,C339,Americas,Product C,977.21,12
2025-10-14,C269,APAC,Product A,2373.64,5
2025-10-14,C194,EMEA,Product B,4439.24,11
2025-10-14,C321,APAC,Product B,1465.65,3
2025-10-14,C206,APAC,Product B,3348.48,7
2025-10-14,C394,EMEA,Product A,623.68,11
2025-10-14,C170,Americas,Product B,3651.48,2
2025-10-14,C273,APAC,Product A,3088.14,4
2025-10-14,C394,Americas,Product B,3731.88,10
2025-10-14,C265,Americas,Product C,1629.94,9
2025-10-14,C354,EMEA,Product A,2402.96,14
2025-10-15,C257,Americas,Product C,778.72,8
2025-10-15,C391,Americas,Product B,3033.07,4
2025-10-15,C192,Americas,Product C,1703.26,3
2025-10-15,C208,APAC,Product A,3270.34,13
2025-10-15,C377,Americas,Product A,1264.87,11
2025-10-15,C397,EMEA,Product A,3050.81,6
2025-10-15,C55,APAC,Product C,3213.1,4
2025-10-15,C159,EMEA,Product B,988.81,1
2025-10-15,C392,APAC,Product B,2953.98,5
2025-10-15,C121,Americas,Product A,3634.75,6
2025-10-16,C126,APAC,Product B,771.11,10
2025-10-16,C207,Americas,Product A,2718.39,11
2025-10-16,C105,EMEA,Product A,604.17,12
2025-10-16,C272,EMEA,Product C,3515.96,12
2025-10-16,C140,APAC,Product C,2262.63,5
2025-10-16,C222,Americas,Product A,2193.68,14
2025-10-16,C146,EMEA,Product B,1812.88,7
2025-10-16,C160,EMEA,Product C,4263.26,10
2025-10-16,C272,EMEA,Product A,3046.28,2
2025-10-16,C180,APAC,Product B,2076.58,2
2025-10-16,C258,EMEA,Product B,1758.43,2
2025-10-16,C388,EMEA,Product B,1999.99,12
2025-10-17,C340,EMEA,Product A,958.64,12
2025-10-17,C67,APAC,Product B,1958.8,5
2025-10-17,C260,EMEA,Product C,2800.63,11
2025-10-17,C95,APAC,Product A,3498.27,4
2025-10-17,C94,EMEA,Product A,3460.76,10
2025-10-17,C98,Americas,Product B,3139.14,4
2025-10-17,C386,APAC,Product B,1224.61,1
2025-10-17,C272,EMEA,Product C,3542.95,6
2025-10-17,C75,EMEA,Product C,1012.72,13
2025-10-18,C50,Americas,Product A,4488.86,12
2025-10-18,C206,Americas,Product C,3076.68,6
2025-10-18,C306,EMEA,Product C,3828.65,14
2025-10-18,C330,APAC,Product A,4455.39,12
2025-10-18,C296,Americas,Product C,2125.18,2
2025-10-18,C97,Americas,Product B,496.72,13
2025-10-18,C343,APAC,Product C,4122.71,12
2025-10-18,C84,Americas,Product A,3344.7,12
2025-10-18,C42,EMEA,Product A,1253.8,8
2025-10-18,C254,APAC,Product B,1360.52,10
2025-10-18,C308,Americas,Product C,3578.15,8
2025-10-18,C271,EMEA,Product A,2007.78,2
2025-10-18,C238,EMEA,Product C,2949.18,2
2025-10-18,C276,EMEA,Product C,3864.82,7
2025-10-19,C197,Americas,Product B,3012.86,12
2025-10-19,C68,Americas,Product A,1284.99,1
2025-10-19,C245,EMEA,Product B,2852.18,10
2025-10-19,C63,APAC,Product C,3964.39,13
2025-10-19,C382,EMEA,Product C,2722.99,12
2025-10-19,C184,Americas,Product C,3143.91,14
2025-10-19,C340,EMEA,Product A,3855.97,1
2025-10-19,C248,Americas,Product C,1254.91,7
2025-10-19,C35,APAC,Product A,1586.27,14
2025-10-19,C354,Americas,Product C,1947.37,11
2025-10-19,C340,EMEA,Product B,2024.82,3
2025-10-19,C346,EMEA,Product A,2683.83,3
2025-10-19,C323,EMEA,Product C,2036.39,9
2025-10-19,C229,EMEA,Product A,2165.6,6
2025-10-20,C315,APAC,Product B,4466.66,5
2025-10-20,C204,APAC,Product B,3665.43,4
2025-10-20,C386,EMEA,Product B,2215.11,11
2025-10-20,C156,EMEA,Product A,2641.98,7
2025-10-20,C347,APAC,Product B,3524.71,1
2025-10-20,C362,Americas,Product A,2048.1,6
2025-10-20,C347,APAC,Product B,4065.18,8
2025-10-20,C92,Americas,Product C,4017.69,5
2025-10-20,C138,Americas,Product A,2455.99,14
2025-10-20,C216,APAC,Product A,2029.49,14
2025-10-20,C27,Americas,Product C,1734.45,12
2025-10-20,C336,Americas,Product A,2061.51,10
2025-10-21,C98,Americas,Product B,2845.77,11
2025-10-21,C157,Americas,Product B,2041.4,4
2025-10-21,C378,EMEA,Product C,536.68,14
2025-10-21,C232,Americas,Product B,4207.45,12
2025-10-21,C297,APAC,Product A,2887.42,7
2025-10-21,C340,EMEA,Product B,623.33,3
2025-10-21,C142,APAC,Product C,4361.26,8
2025-10-21,C244,Americas,Product B,1480.71,5
2025-10-21,C329,Americas,Product C,1962.0,13
2025-10-21,C389,Americas,Product B,1848.53,5
2025-10-22,C247,APAC,Product C,2993.58,6
2025-10-22,C252,EMEA,Product A,783.03,14
2025-10-22,C180,APAC,Product B,1549.11,14
2025-10-22,C155,APAC,Product C,472.96,10
2025-10-22,C16,Americas,Product C,1544.9,10
2025-10-22,C308,Americas,Product B,3322.41,4
2025-10-22,C221,EMEA,Product C,3990.64,5
2025-10-22,C50,APAC,Product A,1185.43,2
2025-10-22,C162,EMEA,Product A,1257.17,8
2025-10-22,C39,Americas,Product B,1569.38,11
2025-10-22,C205,Americas,Product A,3136.1,14
2025-10-22,C105,EMEA,Product C,1102.37,1
2025-10-22,C324,EMEA,Product C,3799.17,8
2025-10-22,C159,EMEA,Product A,3308.4,10
2025-10-22,C48,Americas,Product B,1106.36,3
2025-10-22,C22,APAC,Product C,4121.73,6
2025-10-23,C329,Americas,Product A,1744.12,7
2025-10-23,C376,EMEA,Product B,2852.18,1
2025-10-23,C105,EMEA,Product C,1695.17,1
2025-10-23,C319,APAC,Product B,2944.79,7
2025-10-23,C317,EMEA,Product A,2623.86,13
2025-10-23,C130,Americas,Product C,4237.79,14
2025-10-23,C229,EMEA,Product A,2388.77,13
2025-10-23,C82,Americas,Product A,3177.31,8
2025-10-23,C210,APAC,Product B,2242.06,6
2025-10-23,C6,APAC,Product A,2112.11,5
2025-10-23,C340,APAC,Product A,2465.45,4
2025-10-23,C50,APAC,Product A,1424.99,1
2025-10-23,C371,APAC,Product B,3807.84,2
2025-10-24,C64,EMEA,Product C,3342.13,13
2025-10-24,C123,Americas,Product B,2697.91,9
2025-10-24,C252,APAC,Product A,1146.13,10
2025-10-24,C186,EMEA,Product C,2243.32,1
2025-10-24,C252,EMEA,Product A,3288.0,3
2025-10-24,C196,APAC,Product B,2175.33,1
2025-10-24,C203,EMEA,Product C,4287.92,13
2025-10-24,C352,EMEA,Product B,3342.75,4
2025-10-24,C163,APAC,Product C,3953.44,14
2025-10-24,C204,APAC,Product C,2257.49,10
2025-10-24,C244,Americas,Product B,2405.71,7
2025-10-24,C200,EMEA,Product B,955.23,4
2025-10-24,C306,EMEA,Product C,3915.79,10
2025-10-24,C240,Americas,Product A,2761.35,2
2025-10-24,C220,APAC,Product B,1457.64,5
2025-10-24,C166,Americas,Product A,447.6,3
2025-10-24,C111,EMEA,Product B,975.47,6
2025-10-25,C292,EMEA,Product B,1483.27,3
2025-10-25,C391,Americas,Product A,544.44,1
2025-10-25,C244,Americas,Product B,2874.51,4
2025-10-25,C117,EMEA,Product A,1907.38,2
2025-10-25,C73,APAC,Product C,499.24,5
2025-10-25,C358,APAC,Product B,992.0,4
2025-10-25,C91,Americas,Product B,1641.13,4
2025-10-25,C237,APAC,Product B,3321.23,13
2025-10-25,C162,EMEA,Product A,2056.47,8
2025-10-25,C184,Americas,Product C,3043.0,10
2025-10-25,C54,EMEA,Product B,2468.9,1
2025-10-25,C277,EMEA,Product B,2449.61,7
2025-10-25,C164,EMEA,Product A,544.24,13
2025-10-25,C97,Americas,Product C,3583.26,1
2025-10-26,C254,APAC,Product C,4082.2,7
2025-10-26,C280,APAC,Product B,1377.07,12
2025-10-26,C209,APAC,Product A,1142.34,11
2025-10-26,C318,Americas,Product A,2896.35,6
2025-10-26,C277,APAC,Product A,2327.58,12
2025-10-26,C381,EMEA,Product C,3413.78,9
2025-10-26,C331,Americas,Product B,3526.78,3
2025-10-26,C52,EMEA,Product A,1690.01,14
2025-10-26,C189,EMEA,Product A,2924.82,6
2025-10-26,C306,EMEA,Product C,3752.48,6
2025-10-26,C222,Americas,Product A,4077.15,13
2025-10-26,C363,Americas,Product C,1477.35,9
2025-10-26,C288,EMEA,Product A,748.49,10
2025-10-26,C360,Americas,Product C,3821.04,4
2025-10-27,C196,APAC,Product B,3993.7,10
2025-10-27,C23,EMEA,Product C,404.0,8
2025-10-27,C269,APAC,Product A,3321.69,7
2025-10-27,C193,EMEA,Product C,3546.3,2
2025-10-27,C231,Americas,Product C,3930.81,11
2025-10-27,C215,Americas,Product B,3144.49,11
2025-10-27,C347,APAC,Product C,2190.55,14
2025-10-27,C364,APAC,Product B,773.98,12
2025-10-27,C349,EMEA,Product A,4379.68,6
2025-10-27,C139,Americas,Product B,1365.04,11
2025-10-27,C151,EMEA,Product C,3881.34,13
2025-10-27,C126,EMEA,Product B,1121.58,9
2025-10-27,C31,EMEA,Product A,3569.52,12
2025-10-27,C232,Americas,Product C,4311.76,4
2025-10-27,C251,Americas,Product C,2630.76,7
2025-10-27,C40,Americas,Product A,2651.26,12
2025-10-27,C130,Americas,Product C,2324.32,4
2025-10-27,C24,Americas,Product A,1080.92,12
2025-10-27,C123,Americas,Product B,694.98,9
2025-10-28,C148,APAC,Product A,4149.03,6
2025-10-28,C207,Americas,Product A,2096.15,12
2025-10-28,C332,APAC,Product B,920.57,6
2025-10-28,C207,Americas,Product A,1028.28,2
2025-10-28,C73,APAC,Product C,4402.89,3
2025-10-28,C133,EMEA,Product B,3238.37,2
2025-10-28,C126,APAC,Product A,3442.01,8
2025-10-28,C207,Americas,Product A,579.34,4
2025-10-28,C184,Americas,Product C,1598.02,7
2025-10-28,C73,APAC,Product C,421.32,10
2025-10-28,C275,EMEA,Product A,1729.84,5
2025-10-29,C347,APAC,Product B,4407.49,5
2025-10-29,C183,Americas,Product A,3678.96,14
2025-10-29,C44,EMEA,Product A,986.17,9
2025-10-29,C355,APAC,Product B,1098.88,1
2025-10-29,C397,Americas,Product C,2164.05,12
2025-10-29,C140,EMEA,Product C,1944.16,3
2025-10-29,C227,APAC,Product B,2070.59,13
2025-10-29,C141,Americas,Product C,1074.02,12
2025-10-29,C134,APAC,Product B,1709.87,1
2025-10-29,C67,APAC,Product B,1124.17,6
2025-10-29,C111,APAC,Product A,819.7,14
2025-10-29,C250,APAC,Product C,3805.83,12
2025-10-29,C96,EMEA,Product C,3035.23,11
2025-10-29,C316,Americas,Product C,3618.78,5
2025-10-29,C235,APAC,Product A,3345.27,3
2025-10-29,C103,EMEA,Product A,4217.2,9
2025-10-30,C226,Americas,Product A,2621.96,13
2025-10-30,C292,Americas,Product B,4456.53,8
2025-10-30,C35,APAC,Product B,1535.01,4
2025-10-30,C14,Americas,Product C,2053.46,2
2025-10-30,C264,APAC,Product C,2513.86,11
2025-10-30,C138,Americas,Product A,2751.46,12
2025-10-30,C306,EMEA,Product B,4209.31,2
2025-10-30,C116,Americas,Product C,955.06,14
2025-10-30,C336,Americas,Product A,3205.47,2
2025-10-30,C97,Americas,Product C,4020.36,6
2025-10-30,C280,EMEA,Product B,1288.41,8
2025-10-31,C22,APAC,Product C,1503.46,13
2025-10-31,C141,Americas,Product C,2678.25,9
2025-10-31,C391,Americas,Product A,2582.99,4
2025-10-31,C163,Americas,Product C,813.74,4
2025-10-31,C54,EMEA,Product B,2639.96,4
2025-10-31,C241,Americas,Product C,467.76,14
2025-10-31,C316,Americas,Product C,3185.57,4
2025-10-31,C345,Americas,Product B,3927.76,13
2025-10-31,C96,Americas,Product A,3085.7,3
2025-11-01,C292,EMEA,Product A,3509.18,3
2025-11-01,C209,EMEA,Product B,3983.84,2
2025-11-01,C194,EMEA,Product B,4257.88,3
2025-11-01,C235,APAC,Product B,1247.81,13
2025-11-01,C397,Americas,Product A,4028.88,13
2025-11-01,C276,EMEA,Product C,3135.8,7
2025-11-01,C276,EMEA,Product A,1367.49,5
2025-11-01,C347,APAC,Product B,1379.96,14
2025-11-01,C116,APAC,Product B,1732.22,4
2025-11-01,C140,APAC,Product C,1807.24,7
2025-11-01,C138,Americas,Product A,2222.28,6
2025-11-01,C308,Americas,Product B,965.91,12
2025-11-02,C236,APAC,Product A,2235.59,4
2025-11-02,C381,EMEA,Product C,4136.32,10
2025-11-02,C40,EMEA,Product A,527.12,11
2025-11-02,C80,Americas,Product A,802.52,8
2025-11-02,C357,EMEA,Product A,3015.49,11
2025-11-02,C359,Americas,Product C,553.23,4
2025-11-02,C46,Americas,Product A,1500.58,7
2025-11-02,C95,APAC,Product A,539.95,11
2025-11-02,C253,EMEA,Product B,2628.82,14
2025-11-02,C22,APAC,Product C,2542.29,1
2025-11-02,C109,APAC,Product C,1737.02,5
2025-11-02,C222,Americas,Product A,603.8,11
2025-11-02,C227,APAC,Product B,3939.94,4
2025-11-02,C308,Americas,Product C,3524.17,9
2025-11-02,C120,APAC,Product C,2733.85,1
2025-11-03,C36,Americas,Product A,2224.96,9
2025-11-03,C295,Americas,Product B,3048.94,13
2025-11-03,C114,Americas,Product A,967.68,2
2025-11-03,C353,Americas,Product B,1343.68,11
2025-11-03,C272,EMEA,Product C,710.65,4
2025-11-03,C371,APAC,Product B,3477.43,5
2025-11-03,C71,EMEA,Product A,2602.21,13
2025-11-03,C329,Americas,Product A,3394.49,4
2025-11-03,C124,EMEA,Product A,1071.99,7
2025-11-03,C140,APAC,Product A,668.83,3
2025-11-03,C202,EMEA,Product B,1505.14,6
2025-11-04,C98,EMEA,Product C,1917.25,1
2025-11-04,C399,Americas,Product B,2680.22,3
2025-11-04,C253,EMEA,Product B,3119.28,1
2025-11-04,C73,APAC,Product C,667.68,1
2025-11-04,C104,APAC,Product B,3487.58,8
2025-11-04,C99,APAC,Product B,2828.47,3
2025-11-04,C107,EMEA,Product C,1310.1,8
2025-11-04,C307,Americas,Product B,4006.11,7
2025-11-04,C269,APAC,Product A,2977.0,1
2025-11-04,C137,APAC,Product C,4083.46,9
2025-11-04,C282,EMEA,Product A,2324.77,9
2025-11-05,C83,APAC,Product C,1541.43,6
2025-11-05,C52,EMEA,Product B,3288.34,5
2025-11-05,C319,EMEA,Product B,1612.84,10
2025-11-05,C368,APAC,Product C,3041.47,11
2025-11-05,C237,APAC,Product B,2548.4,2
2025-11-05,C317,EMEA,Product C,4426.72,13
2025-11-05,C288,EMEA,Product A,2468.03,11
2025-11-05,C214,EMEA,Product C,3872.93,7
2025-11-05,C399,Americas,Product B,4217.1,2
2025-11-05,C267,APAC,Product A,466.42,13
2025-11-05,C379,Americas,Product B,3662.76,4
2025-11-05,C195,Americas,Product C,4090.77,10
2025-11-05,C277,EMEA,Product C,2472.99,12
2025-11-06,C173,Americas,Product C,2999.47,8
2025-11-06,C88,Americas,Product A,957.7,6
2025-11-06,C378,APAC,Product B,3536.62,13
2025-11-06,C35,APAC,Product A,2111.8,5
2025-11-06,C225,EMEA,Product A,925.19,11
2025-11-06,C187,APAC,Product B,2373.35,9
2025-11-06,C204,APAC,Product A,640.67,12
2025-11-06,C243,APAC,Product A,3207.12,14
2025-11-06,C5,APAC,Product C,3451.91,3
2025-11-06,C160,EMEA,Product A,1752.14,7
2025-11-06,C263,Americas,Product B,474.96,10
2025-11-06,C167,EMEA,Product A,1120.21,5
2025-11-06,C204,Americas,Product B,3560.32,12
2025-11-06,C344,Americas,Product C,3363.78,2
2025-11-06,C61,APAC,Product C,1726.75,6
2025-11-06,C249,Americas,Product C,1032.69,1
2025-11-06,C252,EMEA,Product A,2951.1,9
2025-11-06,C40,Americas,Product A,3407.8,3
2025-11-07,C114,Americas,Product B,3354.84,10
2025-11-07,C124,EMEA,Product A,2835.0,3
2025-11-07,C268,Americas,Product C,2009.65,4
2025-11-07,C82,Americas,Product B,1749.38,7
2025-11-07,C111,EMEA,Product C,3788.67,11
2025-11-07,C283,EMEA,Product B,3518.58,9
2025-11-07,C35,APAC,Product A,3976.61,10
2025-11-07,C331,APAC,Product B,3514.85,13
2025-11-07,C36,EMEA,Product C,2883.25,2
2025-11-07,C166,Americas,Product A,3148.21,4
2025-11-07,C362,Americas,Product B,3863.41,8
2025-11-07,C193,EMEA,Product C,3036.34,14
2025-11-07,C397,Americas,Product A,1960.69,1
2025-11-07,C333,APAC,Product C,3255.73,6
2025-11-07,C299,EMEA,Product A,1574.68,5
2025-11-08,C207,Americas,Product A,2488.73,14
2025-11-08,C71,EMEA,Product B,2519.29,2
2025-11-08,C91,Americas,Product B,1904.42,3
2025-11-08,C153,APAC,Product A,2831.83,8
2025-11-08,C325,APAC,Product C,3033.63,6
2025-11-08,C22,APAC,Product B,4180.53,9
2025-11-08,C320,APAC,Product A,886.87,10
2025-11-08,C241,EMEA,Product C,2410.96,4
2025-11-08,C77,EMEA,Product B,3022.78,2
2025-11-08,C375,Americas,Product C,2122.48,13
2025-11-08,C306,EMEA,Product B,4292.64,11
2025-11-08,C306,EMEA,Product C,554.3,9
2025-11-08,C209,APAC,Product A,1519.89,10
2025-11-08,C76,APAC,Product B,4261.31,7
2025-11-09,C169,APAC,Product B,2394.0,6
2025-11-09,C4,Americas,Product C,1263.27,8
2025-11-09,C21,Americas,Product B,4428.27,6
2025-11-09,C62,APAC,Product C,2535.7,1
2025-11-09,C219,EMEA,Product B,4397.84,4
2025-11-09,C104,APAC,Product B,3882.01,9
2025-11-09,C310,Americas,Product C,4357.86,9
2025-11-09,C104,APAC,Product B,1294.43,9
2025-11-09,C180,Americas,Product B,2118.7,3
2025-11-09,C283,Americas,Product B,3794.41,1
2025-11-09,C325,APAC,Product C,3205.92,1
2025-11-09,C358,EMEA,Product B,1906.03,10
2025-11-09,C30,EMEA,Product B,3666.19,3
2025-11-09,C372,EMEA,Product C,3614.92,1
2025-11-09,C281,Americas,Product C,1600.88,10
2025-11-09,C76,APAC,Product B,448.69,3
2025-11-09,C344,Americas,Product B,411.74,7
2025-11-10,C273,Americas,Product A,472.55,8
2025-11-10,C107,APAC,Product C,3440.26,2
2025-11-10,C376,EMEA,Product C,2527.11,12
2025-11-10,C368,APAC,Product C,2844.06,3
2025-11-10,C32,APAC,Product C,1054.32,7
2025-11-10,C234,EMEA,Product A,2841.52,1
2025-11-10,C341,EMEA,Product A,402.57,9
2025-11-10,C326,EMEA,Product A,3010.31,6
2025-11-10,C156,APAC,Product B,2663.97,7
2025-11-11,C391,Americas,Product C,1581.31,10
2025-11-11,C274,APAC,Product A,3446.69,13
2025-11-11,C288,EMEA,Product A,2657.64,7
2025-11-11,C173,Americas,Product A,2836.52,12
2025-11-11,C378,APAC,Product C,2310.29,11
2025-11-11,C64,EMEA,Product B,2018.6,2
2025-11-11,C16,Americas,Product B,1488.13,10
2025-11-11,C87,APAC,Product C,2024.08,2
2025-11-11,C55,Americas,Product B,686.53,3
2025-11-11,C27,Americas,Product C,2353.57,13
2025-11-11,C32,APAC,Product C,3119.51,1
2025-11-11,C90,APAC,Product B,1764.39,13
2025-11-11,C189,Americas,Product A,489.67,1
2025-11-11,C244,Americas,Product B,4303.19,1
2025-11-11,C100,EMEA,Product C,4131.94,5
2025-11-12,C97,Americas,Product C,2180.84,6
2025-11-12,C156,EMEA,Product A,3527.13,3
2025-11-12,C249,Americas,Product C,2656.34,13
2025-11-12,C194,EMEA,Product C,3370.74,12
2025-11-12,C310,Americas,Product B,829.86,2
2025-11-12,C177,Americas,Product A,873.77,9
2025-11-12,C143,Americas,Product A,1973.24,7
2025-11-12,C97,Americas,Product C,1806.78,14
2025-11-12,C95,APAC,Product B,3336.05,10
2025-11-12,C63,APAC,Product C,4146.44,6
2025-11-12,C345,Americas,Product A,2207.5,10
2025-11-12,C189,EMEA,Product A,4264.14,2
2025-11-13,C245,APAC,Product B,1167.91,10
2025-11-13,C103,EMEA,Product B,1315.42,12
2025-11-13,C243,APAC,Product A,1795.74,14
2025-11-13,C213,EMEA,Product B,1976.32,3
2025-11-13,C64,EMEA,Product B,747.22,2
2025-11-13,C326,Americas,Product A,863.22,6
2025-11-13,C196,APAC,Product B,3472.56,12
2025-11-13,C97,Americas,Product C,606.73,4
2025-11-13,C178,EMEA,Product A,2324.11,8
2025-11-13,C71,EMEA,Product A,2426.8,6
2025-11-13,C208,APAC,Product C,2438.02,11
2025-11-14,C301,APAC,Product C,1844.64,5
2025-11-14,C244,Americas,Product A,4224.41,4
2025-11-14,C349,EMEA,Product B,3098.4,11
2025-11-14,C96,Americas,Product B,2310.85,5
2025-11-14,C178,Americas,Product A,2426.27,7
2025-11-14,C283,Americas,Product B,597.76,12
2025-11-14,C146,APAC,Product B,3226.54,12
2025-11-14,C319,Americas,Product B,2745.73,3
2025-11-14,C331,Americas,Product B,4381.64,10
2025-11-14,C356,EMEA,Product A,2506.64,8
2025-11-14,C137,APAC,Product B,2311.44,8
2025-11-14,C306,EMEA,Product B,4492.17,9
2025-11-14,C376,EMEA,Product B,3511.88,12
2025-11-14,C65,Americas,Product A,4207.17,7
2025-11-14,C107,APAC,Product A,1418.34,11
2025-11-14,C195,Americas,Product C,1261.38,7
2025-11-14,C59,APAC,Product C,4365.28,9
2025-11-14,C229,APAC,Product A,802.42,2
2025-11-15,C137,Americas,Product B,3958.32,12
2025-11-15,C9,APAC,Product C,1766.4,1
2025-11-15,C61,APAC,Product C,1413.41,11
2025-11-15,C215,Americas,Product C,3995.54,7
2025-11-15,C254,APAC,Product C,2654.26,9
2025-11-15,C95,Americas,Product A,546.82,5
2025-11-15,C238,EMEA,Product C,2810.44,5
2025-11-15,C82,Americas,Product B,2390.69,11
2025-11-16,C91,Americas,Product C,3528.69,8
2025-11-16,C376,EMEA,Product C,2966.99,12
2025-11-16,C298,APAC,Product A,3022.81,12
2025-11-16,C369,Americas,Product C,4082.68,9
2025-11-16,C112,EMEA,Product A,2511.56,1
2025-11-16,C198,APAC,Product A,2354.51,7
2025-11-16,C249,Americas,Product A,2270.25,14
2025-11-16,C247,APAC,Product B,698.28,6
2025-11-16,C258,Americas,Product B,1545.56,5
2025-11-16,C210,EMEA,Product A,4342.39,3
2025-11-16,C389,Americas,Product A,3305.47,1
2025-11-16,C378,APAC,Product C,1317.11,3
2025-11-16,C160,EMEA,Product A,3699.77,5
2025-11-16,C204,APAC,Product B,2545.57,7
2025-11-16,C107,APAC,Product A,2155.27,1
2025-11-16,C251,APAC,Product C,2370.54,1
2025-11-17,C236,Americas,Product A,4025.6,9
2025-11-17,C347,APAC,Product B,1404.57,12
2025-11-17,C361,EMEA,Product C,2950.27,10
2025-11-17,C367,Americas,Product A,493.28,14
2025-11-17,C220,APAC,Product B,850.21,13
2025-11-17,C248,Americas,Product A,4061.0,13
2025-11-17,C47,APAC,Product C,3575.92,8
2025-11-17,C129,Americas,Product B,4112.03,6
2025-11-17,C275,APAC,Product A,2915.58,7
2025-11-17,C222,Americas,Product A,3293.91,7
2025-11-17,C383,APAC,Product C,3725.18,4
2025-11-17,C364,APAC,Product C,4346.07,10
2025-11-17,C323,EMEA,Product C,1604.24,13
2025-11-17,C80,EMEA,Product C,698.83,8
2025-11-17,C349,APAC,Product A,3267.74,9
2025-11-17,C14,Americas,Product C,3653.89,12
2025-11-17,C62,EMEA,Product C,3840.11,4
2025-11-18,C67,EMEA,Product C,2023.47,4
2025-11-18,C267,APAC,Product A,964.68,6
2025-11-18,C81,Americas,Product A,1293.43,7
2025-11-18,C107,APAC,Product C,3332.56,1
2025-11-18,C384,EMEA,Product A,402.25,11
2025-11-18,C12,EMEA,Product A,1404.07,8
2025-11-18,C190,EMEA,Product B,2417.83,6
2025-11-18,C109,APAC,Product C,1652.92,10
2025-11-18,C311,Americas,Product B,4479.07,4
2025-11-18,C52,EMEA,Product A,2633.2,10
2025-11-18,C227,APAC,Product B,4383.89,7
2025-11-18,C162,EMEA,Product C,2011.5,5
2025-11-18,C292,EMEA,Product A,4109.98,5
2025-11-18,C259,APAC,Product B,2080.7,11
2025-11-19,C176,Americas,Product C,2181.36,6
2025-11-19,C34,EMEA,Product A,2798.51,13
2025-11-19,C177,Americas,Product B,3828.79,6
2025-11-19,C249,EMEA,Product C,2333.26,12
2025-11-19,C216,APAC,Product B,3213.79,14
2025-11-19,C138,EMEA,Product C,3194.83,3
2025-11-19,C298,APAC,Product B,3616.79,8
2025-11-19,C137,APAC,Product B,2597.26,13
2025-11-19,C75,EMEA,Product A,3627.94,7
2025-11-19,C271,EMEA,Product A,2557.94,3
2025-11-20,C232,Americas,Product A,1643.16,5
2025-11-20,C185,EMEA,Product B,577.07,14
2025-11-20,C207,Americas,Product A,1236.99,11
2025-11-20,C39,Americas,Product B,1961.9,1
2025-11-20,C276,EMEA,Product A,1061.7,9
2025-11-20,C122,APAC,Product A,2228.25,9
2025-11-20,C183,APAC,Product B,3878.66,8
2025-11-20,C205,Americas,Product A,4065.72,8
2025-11-20,C225,EMEA,Product A,1097.14,12
2025-11-20,C298,APAC,Product C,3164.16,10
2025-11-20,C47,APAC,Product B,826.56,3
2025-11-20,C275,APAC,Product A,2269.09,7
2025-11-21,C68,Americas,Product A,1452.67,5
2025-11-21,C392,APAC,Product A,3052.29,4
2025-11-21,C99,Americas,Product A,3765.46,12
2025-11-21,C14,Americas,Product A,1474.77,8
2025-11-21,C65,Americas,Product A,752.75,7
2025-11-21,C115,Americas,Product B,2506.89,14
2025-11-21,C336,Americas,Product C,1030.97,3
2025-11-21,C240,Americas,Product B,883.79,14
2025-11-21,C83,APAC,Product C,2487.26,10
2025-11-21,C156,EMEA,Product A,702.67,14
2025-11-21,C55,Americas,Product A,922.29,14
2025-11-22,C54,EMEA,Product B,3785.13,9
2025-11-22,C54,EMEA,Product A,4164.58,6
2025-11-22,C385,EMEA,Product B,3845.04,1
2025-11-22,C36,EMEA,Product A,2077.68,8
2025-11-22,C379,Americas,Product C,4244.69,8
2025-11-22,C393,Americas,Product C,3314.2,14
2025-11-22,C143,EMEA,Product C,2895.19,1
2025-11-22,C31,EMEA,Product C,1904.81,9
2025-11-22,C202,EMEA,Product B,1971.69,5
2025-11-22,C374,APAC,Product C,2922.13,5
2025-11-22,C156,EMEA,Product A,4124.25,8
2025-11-23,C82,Americas,Product B,586.52,4
2025-11-23,C310,Americas,Product A,1587.9,12
2025-11-23,C31,EMEA,Product B,3979.95,2
2025-11-23,C103,EMEA,Product C,883.2,8
2025-11-23,C123,Americas,Product C,3223.71,9
2025-11-23,C355,APAC,Product B,652.9,7
2025-11-23,C316,Americas,Product B,2192.85,12
2025-11-23,C167,EMEA,Product A,3058.16,1
2025-11-23,C122,APAC,Product A,4067.73,13
2025-11-23,C263,Americas,Product B,4330.08,7
2025-11-23,C162,APAC,Product B,4468.92,3
2025-11-23,C348,Americas,Product B,3636.83,12
2025-11-23,C360,EMEA,Product C,2561.78,4
2025-11-24,C160,EMEA,Product B,3648.33,5
2025-11-24,C111,EMEA,Product C,1588.93,12
2025-11-24,C210,APAC,Product C,2996.56,3
2025-11-24,C150,EMEA,Product B,1786.97,12
2025-11-24,C245,EMEA,Product B,765.81,4
2025-11-24,C263,Americas,Product B,4048.79,3
2025-11-24,C273,Americas,Product A,1251.09,10
2025-11-24,C87,APAC,Product A,3049.88,14
2025-11-24,C84,Americas,Product A,449.8,11
2025-11-24,C291,EMEA,Product A,1111.43,5
2025-11-24,C275,EMEA,Product A,3970.07,3
2025-11-24,C258,EMEA,Product B,2261.99,9
2025-11-24,C65,Americas,Product A,935.01,5
2025-11-24,C254,APAC,Product C,2347.19,6
2025-11-25,C292,EMEA,Product B,2989.77,11
2025-11-25,C76,APAC,Product B,522.9,6
2025-11-25,C205,Americas,Product B,1015.27,14
2025-11-25,C368,APAC,Product C,2417.09,1
2025-11-25,C150,EMEA,Product B,2758.1,5
2025-11-25,C276,EMEA,Product C,4303.52,8
2025-11-25,C375,Americas,Product C,3478.68,3
2025-11-25,C123,Americas,Product C,3340.24,6
2025-11-25,C333,APAC,Product C,3750.9,4
2025-11-25,C174,Americas,Product C,3851.98,8
2025-11-26,C34,Americas,Product A,4153.95,8
2025-11-26,C150,EMEA,Product C,3466.91,5
2025-11-26,C117,EMEA,Product C,2103.17,13
2025-11-26,C229,EMEA,Product C,1384.46,3
2025-11-26,C31,EMEA,Product A,2493.71,10
2025-11-26,C65,Americas,Product A,2730.19,6
2025-11-26,C333,Americas,Product C,1580.65,5
2025-11-26,C228,APAC,Product C,1799.58,5
2025-11-26,C31,EMEA,Product A,1017.22,11
2025-11-26,C24,APAC,Product A,2154.16,12
2025-11-26,C5,APAC,Product C,4472.5,12
2025-11-26,C167,EMEA,Product A,4131.36,14
2025-11-26,C315,APAC,Product A,3948.64,12
2025-11-26,C192,Americas,Product C,1988.84,1
2025-11-26,C315,APAC,Product A,2306.7,3
2025-11-27,C80,EMEA,Product C,848.6,14
2025-11-27,C296,Americas,Product A,2861.73,2
2025-11-27,C331,EMEA,Product B,3473.67,4
2025-11-27,C143,Americas,Product C,1823.35,5
2025-11-27,C227,APAC,Product B,3997.62,13
2025-11-27,C89,EMEA,Product B,2734.01,1
2025-11-27,C348,Americas,Product B,3739.67,10
2025-11-27,C301,APAC,Product C,2867.7,14
2025-11-27,C131,APAC,Product B,3537.69,11
2025-11-27,C116,Americas,Product B,1705.75,7
2025-11-27,C349,EMEA,Product A,837.59,6
2025-11-27,C127,Americas,Product A,1570.35,8
2025-11-27,C330,APAC,Product A,1164.97,8
2025-11-28,C192,Americas,Product C,4448.72,1
2025-11-28,C377,APAC,Product C,3327.57,8
2025-11-28,C4,EMEA,Product C,3705.54,7
2025-11-28,C176,Americas,Product B,1623.5,3
2025-11-28,C19,EMEA,Product C,1378.09,4
2025-11-28,C242,EMEA,Product A,3438.04,2
2025-11-28,C63,Americas,Product C,1985.29,3
2025-11-28,C126,APAC,Product B,4083.35,2
2025-11-28,C42,EMEA,Product C,967.84,9
2025-11-28,C64,EMEA,Product C,714.88,11
2025-11-28,C238,EMEA,Product B,464.85,3
2025-11-28,C97,Americas,Product A,2500.06,6
2025-11-29,C162,EMEA,Product A,3324.49,1
2025-11-29,C299,EMEA,Product C,3674.78,13
2025-11-29,C200,EMEA,Product B,3826.4,4
2025-11-29,C157,Americas,Product B,2629.09,3
2025-11-29,C126,APAC,Product B,1667.64,1
2025-11-29,C318,Americas,Product A,3529.54,3
2025-11-29,C368,APAC,Product A,1526.1,7
2025-11-29,C287,EMEA,Product A,2608.32,3
2025-11-29,C281,Americas,Product A,2237.88,5
2025-11-29,C272,EMEA,Product C,561.32,9
2025-11-29,C205,Americas,Product A,2455.55,3
2025-11-30,C246,Americas,Product A,3485.35,3
2025-11-30,C134,EMEA,Product B,898.96,8
2025-11-30,C128,Americas,Product A,1067.69,14
2025-11-30,C298,APAC,Product C,2472.2,13
2025-11-30,C134,APAC,Product B,4400.23,1
2025-11-30,C149,Americas,Product A,3565.28,12
2025-11-30,C185,APAC,Product C,653.05,3
2025-11-30,C372,Americas,Product C,2810.94,11
2025-11-30,C111,EMEA,Product C,497.39,14
2025-11-30,C104,APAC,Product C,1163.66,12
2025-11-30,C253,EMEA,Product B,1527.5,3
2025-11-30,C326,APAC,Product B,1316.07,14
2025-12-01,C305,EMEA,Product C,2471.65,10
2025-12-01,C160,EMEA,Product B,2134.26,6
2025-12-01,C238,EMEA,Product C,1171.73,8
2025-12-01,C202,EMEA,Product B,723.39,11
2025-12-01,C107,APAC,Product B,3543.7,14
2025-12-01,C44,EMEA,Product C,2533.63,9
2025-12-01,C60,Americas,Product A,2888.2,9
2025-12-01,C257,Americas,Product C,2075.85,5
2025-12-02,C287,APAC,Product B,4028.76,14
2025-12-02,C183,APAC,Product B,2912.45,12
2025-12-02,C205,Americas,Product B,4302.34,13
2025-12-02,C336,APAC,Product A,4115.55,9
2025-12-02,C118,Americas,Product B,1075.8,13
2025-12-02,C292,EMEA,Product B,2236.03,1
2025-12-02,C35,APAC,Product A,775.55,3
2025-12-02,C24,APAC,Product A,903.79,10
2025-12-02,C120,APAC,Product C,4267.2,8
2025-12-02,C259,APAC,Product A,1986.85,13
2025-12-03,C107,APAC,Product C,2740.54,7
2025-12-03,C71,EMEA,Product A,2099.07,6
2025-12-03,C113,APAC,Product B,582.65,1
2025-12-03,C360,EMEA,Product A,1374.73,1
2025-12-03,C310,EMEA,Product B,1151.5,3
2025-12-03,C220,APAC,Product B,2632.16,9
2025-12-03,C382,EMEA,Product C,3011.65,10
2025-12-03,C310,Americas,Product B,1378.29,7
2025-12-04,C141,Americas,Product C,3499.74,7
2025-12-04,C240,Americas,Product B,1937.33,2
2025-12-04,C89,EMEA,Product B,1795.37,6
2025-12-04,C305,EMEA,Product B,1249.35,9
2025-12-04,C352,EMEA,Product A,4074.53,8
2025-12-04,C38,Americas,Product C,3248.35,13
2025-12-04,C339,APAC,Product C,2258.8,11
2025-12-04,C5,APAC,Product B,3205.91,7
2025-12-04,C120,APAC,Product C,1113.48,10
2025-12-04,C359,Americas,Product C,3108.69,6
2025-12-05,C138,Americas,Product A,3211.83,11
2025-12-05,C188,EMEA,Product C,2466.39,3
2025-12-06,C242,EMEA,Product A,3852.06,8
2025-12-06,C356,EMEA,Product A,1754.33,10
2025-12-06,C282,EMEA,Product B,2200.78,12
2025-12-06,C283,Americas,Product B,1440.54,4
2025-12-06,C315,APAC,Product A,1896.45,14
2025-12-06,C227,APAC,Product B,3402.19,8
2025-12-06,C237,APAC,Product A,1053.01,2
2025-12-06,C308,Americas,Product A,823.46,7
2025-12-06,C367,EMEA,Product A,3622.4,14
2025-12-06,C308,Americas,Product B,4454.42,3
2025-12-06,C203,EMEA,Product A,2630.38,7
2025-12-06,C8,EMEA,Product A,1932.36,9
2025-12-06,C254,APAC,Product C,3980.56,13
2025-12-06,C92,APAC,Product C,1581.84,1
2025-12-06,C87,APAC,Product C,1034.88,6
2025-12-07,C275,APAC,Product A,413.84,4
2025-12-07,C175,APAC,Product B,3812.62,13
2025-12-07,C110,APAC,Product C,2118.89,11
2025-12-07,C204,APAC,Product B,1263.8,4
2025-12-07,C64,EMEA,Product B,2590.18,7
2025-12-07,C159,EMEA,Product A,3608.25,9
2025-12-07,C83,APAC,Product C,2328.85,3
2025-12-07,C100,EMEA,Product C,2372.16,8
2025-12-07,C326,Americas,Product A,3219.52,14
2025-12-07,C188,EMEA,Product C,3468.72,11
2025-12-07,C241,EMEA,Product C,4282.96,11
2025-12-07,C188,APAC,Product C,2866.26,14
2025-12-07,C306,EMEA,Product C,1415.18,7
2025-12-08,C204,APAC,Product B,4045.74,5
2025-12-08,C243,EMEA,Product A,1123.33,12
2025-12-08,C78,APAC,Product A,2354.61,9
2025-12-08,C270,APAC,Product C,4326.04,12
2025-12-08,C297,EMEA,Product C,3369.1,11
2025-12-08,C365,EMEA,Product A,3790.44,6
2025-12-08,C125,EMEA,Product B,873.34,4
2025-12-08,C114,Americas,Product B,2596.58,6
2025-12-08,C168,APAC,Product C,2815.53,4
2025-12-08,C225,EMEA,Product A,3269.81,11
2025-12-08,C118,Americas,Product B,4068.77,7
2025-12-08,C76,APAC,Product B,685.99,11
2025-12-08,C175,APAC,Product C,1432.77,1
2025-12-08,C127,Americas,Product A,3088.65,12
2025-12-08,C315,APAC,Product A,1345.0,8
2025-12-08,C214,EMEA,Product B,934.61,12
2025-12-09,C135,APAC,Product C,4239.71,5
2025-12-09,C140,APAC,Product C,1863.75,6
2025-12-09,C346,EMEA,Product A,2776.38,9
2025-12-09,C180,EMEA,Product A,642.89,11
2025-12-09,C16,Americas,Product C,573.96,11
2025-12-09,C241,EMEA,Product B,3312.33,6
2025-12-09,C247,APAC,Product C,4443.4,6
2025-12-09,C30,EMEA,Product C,1843.16,7
2025-12-09,C77,EMEA,Product B,3049.99,12
2025-12-09,C379,Americas,Product C,2720.87,1
2025-12-09,C215,Americas,Product C,511.99,8
2025-12-09,C353,Americas,Product A,2037.8,3
2025-12-09,C136,Americas,Product B,1936.32,10
2025-12-09,C389,Americas,Product B,3465.42,13
2025-12-09,C178,EMEA,Product A,1208.79,6
2025-12-09,C222,Americas,Product A,3474.57,9
2025-12-10,C356,Americas,Product C,3456.66,2
2025-12-10,C76,APAC,Product B,1700.32,6
2025-12-10,C339,Americas,Product A,697.94,8
2025-12-10,C182,Americas,Product B,2566.35,2
2025-12-10,C243,EMEA,Product A,478.72,7
2025-12-10,C219,EMEA,Product B,1480.54,5
2025-12-10,C388,EMEA,Product A,3676.77,11
2025-12-10,C147,EMEA,Product B,2799.15,1
2025-12-10,C126,APAC,Product A,566.46,7
2025-12-10,C207,Americas,Product A,1742.21,1
2025-12-10,C362,Americas,Product A,1636.23,5
2025-12-10,C121,Americas,Product B,1498.19,10
2025-12-10,C121,Americas,Product B,3512.34,4
2025-12-10,C137,Americas,Product B,545.77,6
2025-12-10,C192,Americas,Product C,3806.32,9
2025-12-11,C138,Americas,Product A,2832.2,9
2025-12-11,C99,APAC,Product A,4368.8,13
2025-12-11,C70,APAC,Product B,3885.76,7
2025-12-11,C164,EMEA,Product A,4359.88,5
2025-12-11,C388,EMEA,Product B,455.92,13
2025-12-11,C237,EMEA,Product A,1616.41,5
2025-12-11,C347,Americas,Product B,1194.92,7
2025-12-11,C396,EMEA,Product A,3852.53,7
2025-12-11,C396,EMEA,Product A,844.07,4
2025-12-11,C243,APAC,Product A,3990.57,3
2025-12-11,C241,EMEA,Product A,2103.54,12
2025-12-11,C95,APAC,Product B,737.24,10
2025-12-11,C213,EMEA,Product B,1303.59,3
2025-12-11,C184,Americas,Product C,2474.61,11
2025-12-11,C353,APAC,Product A,2202.82,13
2025-12-11,C281,EMEA,Product A,870.33,7
2025-12-11,C50,APAC,Product A,2961.24,7
2025-12-11,C162,EMEA,Product A,3776.57,7
2025-12-11,C67,APAC,Product B,2397.43,14
2025-12-11,C113,APAC,Product A,496.56,3
2025-12-11,C137,Americas,Product C,975.16,5
2025-12-11,C276,Americas,Product C,1093.41,1
2025-12-12,C44,APAC,Product C,1040.24,1
2025-12-12,C318,Americas,Product A,1038.26,7
2025-12-12,C168,APAC,Product C,3972.59,4
2025-12-12,C81,Americas,Product A,2318.72,10
2025-12-12,C301,APAC,Product B,710.87,2
2025-12-12,C120,APAC,Product C,828.94,4
2025-12-12,C52,EMEA,Product B,1709.33,10
2025-12-12,C318,Americas,Product B,1631.84,10
2025-12-12,C330,APAC,Product B,3080.26,5
2025-12-13,C360,EMEA,Product C,1966.07,11
2025-12-13,C306,EMEA,Product B,3146.28,9
2025-12-13,C107,APAC,Product C,4086.59,1
2025-12-13,C286,APAC,Product B,2349.09,6
2025-12-13,C55,Americas,Product B,2393.28,13
2025-12-13,C363,Americas,Product C,600.71,9
2025-12-13,C286,APAC,Product B,3334.01,3
2025-12-13,C372,APAC,Product C,2973.12,11
2025-12-14,C396,Americas,Product C,1137.07,10
2025-12-14,C178,EMEA,Product A,2757.02,13
2025-12-14,C318,Americas,Product A,3892.33,8
2025-12-14,C369,Americas,Product C,3159.35,11
2025-12-14,C225,EMEA,Product A,3732.53,7
2025-12-14,C231,EMEA,Product C,2449.35,5
2025-12-14,C347,EMEA,Product B,1730.95,5
2025-12-14,C259,APAC,Product B,4185.21,14
2025-12-14,C206,EMEA,Product B,3776.55,8
2025-12-14,C377,Americas,Product A,2397.88,11
2025-12-14,C96,Americas,Product B,2206.98,4
2025-12-14,C180,APAC,Product B,1511.26,11
2025-12-14,C69,APAC,Product C,1461.39,2
2025-12-15,C335,Americas,Product A,4365.37,1
2025-12-15,C150,EMEA,Product B,2646.02,14
2025-12-15,C242,EMEA,Product A,1652.56,4
2025-12-15,C133,EMEA,Product C,992.4,4
2025-12-15,C351,EMEA,Product B,3908.16,1
2025-12-15,C62,EMEA,Product B,685.98,7
2025-12-15,C347,APAC,Product A,4070.71,13
2025-12-15,C99,APAC,Product A,1796.47,4
2025-12-15,C22,APAC,Product C,1995.3,1
2025-12-15,C180,APAC,Product B,1127.36,3
2025-12-15,C205,Americas,Product A,4171.29,4
2025-12-15,C182,Americas,Product C,4376.72,9
2025-12-15,C163,Americas,Product B,1163.56,7
2025-12-15,C183,APAC,Product B,2097.19,7
2025-12-15,C16,Americas,Product C,3294.14,13
2025-12-15,C372,APAC,Product C,1717.35,8
2025-12-16,C85,EMEA,Product C,1568.09,3
2025-12-16,C378,APAC,Product A,3019.47,11
2025-12-16,C294,APAC,Product C,4085.99,1
2025-12-16,C114,Americas,Product B,1320.41,3
2025-12-16,C114,Americas,Product B,1302.29,3
2025-12-16,C253,EMEA,Product A,3952.77,2
2025-12-16,C375,Americas,Product B,3951.81,11
2025-12-16,C364,APAC,Product B,626.29,13
2025-12-16,C59,APAC,Product B,2782.01,3
2025-12-16,C125,EMEA,Product C,830.04,4
2025-12-16,C164,EMEA,Product B,2912.83,2
2025-12-16,C350,APAC,Product B,1054.82,7
2025-12-16,C145,APAC,Product A,4382.27,6
2025-12-16,C139,Americas,Product B,762.66,13
2025-12-16,C252,EMEA,Product A,2221.65,8
2025-12-16,C220,APAC,Product A,4288.28,1
2025-12-17,C214,EMEA,Product A,3356.56,5
2025-12-17,C178,Americas,Product B,1310.29,5
2025-12-17,C95,APAC,Product A,2483.28,7
2025-12-17,C96,Americas,Product B,4444.08,5
2025-12-17,C11,APAC,Product A,689.31,1
2025-12-17,C116,Americas,Product B,1867.06,3
2025-12-17,C82,Americas,Product B,1137.97,1
2025-12-17,C116,Americas,Product B,4177.48,2
2025-12-17,C137,Americas,Product B,4286.06,4
2025-12-17,C192,Americas,Product C,1645.67,12
2025-12-17,C222,Americas,Product A,3605.77,13
2025-12-17,C155,APAC,Product C,2499.88,3
2025-12-17,C382,EMEA,Product C,2221.18,4
2025-12-17,C388,EMEA,Product B,1736.86,13
2025-12-17,C44,EMEA,Product C,4414.03,7
2025-12-18,C72,Americas,Product C,3084.52,12
2025-12-18,C126,APAC,Product A,1059.4,3
2025-12-18,C59,APAC,Product C,1388.62,3
2025-12-18,C9,APAC,Product A,785.69,2
2025-12-18,C333,APAC,Product C,601.92,11
2025-12-18,C274,APAC,Product A,3717.69,6
2025-12-18,C286,APAC,Product B,4311.95,6
2025-12-18,C287,APAC,Product A,3971.55,6
2025-12-18,C292,EMEA,Product B,729.22,14
2025-12-18,C126,APAC,Product B,2086.58,2
2025-12-18,C299,EMEA,Product A,555.54,1
2025-12-18,C166,Americas,Product A,2147.39,3
2025-12-18,C248,Americas,Product A,1886.78,9
2025-12-18,C310,APAC,Product C,2386.28,6
2025-12-18,C191,APAC,Product A,1322.65,8
2025-12-19,C33,Americas,Product B,948.48,9
2025-12-19,C8,EMEA,Product C,1356.63,8
2025-12-19,C225,EMEA,Product A,1778.88,11
2025-12-19,C53,APAC,Product C,4047.6,1
2025-12-19,C98,Americas,Product B,536.91,10
2025-12-19,C333,APAC,Product C,1753.19,9
2025-12-19,C81,Americas,Product C,3712.54,4
2025-12-19,C96,Americas,Product C,4236.15,9
2025-12-19,C331,Americas,Product B,770.95,11
2025-12-19,C207,Americas,Product B,3023.07,9
2025-12-19,C85,APAC,Product C,4205.73,9
2025-12-20,C256,Americas,Product B,2506.43,10
2025-12-20,C339,Americas,Product C,4256.74,7
2025-12-20,C258,Americas,Product C,3914.93,3
2025-12-20,C272,EMEA,Product C,948.14,2
2025-12-20,C138,Americas,Product A,3192.7,1
2025-12-20,C27,Americas,Product C,888.73,8
2025-12-20,C280,APAC,Product B,599.39,8
2025-12-20,C84,Americas,Product A,520.63,10
2025-12-20,C190,EMEA,Product B,1322.03,2
2025-12-20,C10,Americas,Product A,1701.06,14
2025-12-20,C371,APAC,Product B,2225.87,3
2025-12-20,C383,APAC,Product C,2968.78,4
2025-12-21,C362,Americas,Product A,1514.95,6
2025-12-21,C396,EMEA,Product A,3519.03,8
2025-12-21,C95,APAC,Product A,3141.09,2
2025-12-21,C301,APAC,Product C,4033.7,7
2025-12-21,C203,EMEA,Product A,3764.14,10
2025-12-21,C97,Americas,Product B,3137.92,11
2025-12-22,C171,APAC,Product C,3610.47,3
2025-12-22,C297,Americas,Product C,3917.7,13
2025-12-22,C171,APAC,Product C,3568.46,3
2025-12-22,C297,APAC,Product A,1163.19,2
2025-12-22,C196,APAC,Product B,3429.38,6
2025-12-22,C360,EMEA,Product C,1187.27,1
2025-12-22,C109,APAC,Product C,993.61,1
2025-12-22,C272,EMEA,Product B,2043.44,8
2025-12-22,C127,Americas,Product B,2228.05,1
2025-12-22,C67,APAC,Product C,2405.07,5
2025-12-22,C276,EMEA,Product C,525.9,12
2025-12-22,C157,Americas,Product B,2393.83,11
2025-12-22,C204,APAC,Product B,2172.98,12
2025-12-22,C375,Americas,Product C,3534.91,9
2025-12-23,C182,Americas,Product C,2599.03,4
2025-12-23,C70,APAC,Product B,2374.53,11
2025-12-23,C342,EMEA,Product B,2766.14,4
2025-12-23,C215,Americas,Product C,573.84,11
2025-12-23,C220,APAC,Product C,3761.56,9
2025-12-23,C191,APAC,Product A,2895.06,7
2025-12-23,C285,APAC,Product B,4300.5,13
2025-12-23,C167,EMEA,Product A,983.03,10
2025-12-23,C6,APAC,Product A,2252.7,10
2025-12-23,C369,EMEA,Product C,4011.99,9
2025-12-23,C297,Americas,Product A,2754.57,6
2025-12-24,C212,APAC,Product B,1551.06,2
2025-12-24,C209,APAC,Product A,1257.18,10
2025-12-24,C371,EMEA,Product B,753.21,4
2025-12-24,C3,APAC,Product B,3314.13,3
2025-12-24,C49,EMEA,Product C,1816.44,2
2025-12-24,C288,APAC,Product B,3967.58,8
2025-12-24,C319,EMEA,Product B,1472.08,4
2025-12-24,C318,Americas,Product A,1148.58,2
2025-12-24,C268,Americas,Product C,3844.0,14
2025-12-24,C328,Americas,Product C,1176.15,4
2025-12-24,C89,EMEA,Product B,1117.84,8
2025-12-24,C247,APAC,Product C,908.2,9
2025-12-25,C249,APAC,Product C,3273.04,5
2025-12-25,C281,Americas,Product A,1686.87,3
2025-12-25,C392,APAC,Product A,2434.93,2
2025-12-25,C277,EMEA,Product C,2090.74,8
2025-12-25,C272,EMEA,Product C,3544.17,9
2025-12-25,C301,Americas,Product B,2244.62,7
2025-12-25,C301,EMEA,Product C,4379.1,2
2025-12-25,C54,EMEA,Product B,869.26,10
2025-12-25,C97,APAC,Product C,1290.82,9
2025-12-25,C257,Americas,Product C,4171.61,6
2025-12-25,C188,EMEA,Product B,4206.99,10
2025-12-25,C316,Americas,Product C,4460.13,10
2025-12-25,C349,EMEA,Product A,1129.26,9
2025-12-25,C184,Americas,Product C,3041.51,1
2025-12-25,C39,Americas,Product B,4417.99,6
2025-12-25,C375,Americas,Product C,1534.29,12
2025-12-26,C80,EMEA,Product A,2906.77,13
2025-12-26,C204,APAC,Product B,1834.24,8
2025-12-26,C93,EMEA,Product A,2559.02,12
2025-12-26,C182,Americas,Product C,1659.16,4
2025-12-26,C87,APAC,Product A,538.01,13
2025-12-26,C70,Americas,Product B,3941.44,10
2025-12-26,C368,APAC,Product C,3991.16,14
2025-12-26,C209,EMEA,Product C,3656.16,8
2025-12-26,C134,APAC,Product B,997.62,12
2025-12-26,C147,EMEA,Product C,3431.25,2
2025-12-26,C351,APAC,Product B,434.03,13
2025-12-26,C292,EMEA,Product B,3017.37,5
2025-12-26,C388,EMEA,Product A,2338.93,7
2025-12-27,C74,EMEA,Product B,1319.79,10
2025-12-27,C233,APAC,Product A,2586.18,3
2025-12-27,C349,EMEA,Product C,2341.77,11
2025-12-27,C315,APAC,Product A,3959.38,2
2025-12-27,C260,EMEA,Product C,3090.7,9
2025-12-27,C80,EMEA,Product C,534.08,3
2025-12-27,C340,EMEA,Product C,3088.57,13
2025-12-27,C267,APAC,Product C,2207.6,13
2025-12-27,C111,EMEA,Product C,810.73,2
2025-12-28,C101,EMEA,Product A,3551.9,12
2025-12-28,C56,Americas,Product C,3696.24,6
2025-12-28,C376,EMEA,Product A,3183.58,6
2025-12-28,C121,Americas,Product B,3487.54,7
2025-12-28,C320,APAC,Product B,1965.35,2
2025-12-28,C183,APAC,Product B,2992.27,5
2025-12-28,C242,EMEA,Product A,1103.14,12
2025-12-29,C333,EMEA,Product C,466.98,1
2025-12-29,C34,EMEA,Product A,1417.61,1
2025-12-29,C245,EMEA,Product B,3070.53,9
2025-12-29,C348,Americas,Product B,4254.77,6
2025-12-29,C3,APAC,Product C,1177.68,1
2025-12-29,C391,Americas,Product C,1092.51,9
2025-12-29,C214,EMEA,Product B,3791.97,12
2025-12-29,C203,EMEA,Product B,4269.72,14
2025-12-29,C42,APAC,Product C,2248.36,5
2025-12-29,C328,EMEA,Product B,482.24,14
2025-12-29,C59,APAC,Product C,483.62,10
2025-12-29,C59,APAC,Product C,2013.54,10
